symbol,name
20MICRONS.NS,20 Microns Limited
21STCENMGM.NS,21St Century Management Services Limited
360ONE.NS,360 One Wam Limited
3IINFOLTD.NS,3I Infotech Limited
3MINDIA.NS,3M India Limited
3PLAND.NS,3P Land Holdings Limited
5PAISA.NS,5Paisa Capital Limited
63MOONS.NS,63 Moons Technologies Limited
A2ZINFRA.NS,A2Z Infra Engineering Limited
AAATECH.NS,Aaa Technologies Limited
AADHARHFC.NS,Aadhar Housing Finance Limited
AAKASH.NS,Aakash Exploration Services Limited
AAREYDRUGS.NS,Aarey Drugs & Pharmaceuticals Limited
AARON.NS,Aaron Industries Limited
AARTECH.NS,Aartech Solonics Limited
AARTIDRUGS.NS,Aarti Drugs Limited
AARTIIND.NS,Aarti Industries Limited
AARTIPHARM.NS,Aarti Pharmalabs Limited
AARTISURF.NS,Aarti Surfactants Limited
AARVI.NS,Aarvi Encon Limited
AAVAS.NS,Aavas Financiers Limited
ABAN.NS,Aban Offshore Limited
ABB.NS,Abb India Limited
ABBOTINDIA.NS,Abbott India Limited
ABCAPITAL.NS,Aditya Birla Capital Limited
ABCOTS.NS,A B Cotspin India Limited
ABDL.NS,Allied Blenders And Distillers Limited
ABFRL.NS,Aditya Birla Fashion And Retail Limited
ABINFRA.NS,A B Infrabuild Limited
ABLBL.NS,Aditya Birla Lifestyle Brands Limited
ABMINTLLTD.NS,Abm International Limited
ABREL.NS,Aditya Birla Real Estate Limited
ABSLAMC.NS,Aditya Birla Sun Life Amc Limited
ACC.NS,Acc Limited
ACCELYA.NS,Accelya Solutions India Limited
ACCURACY.NS,Accuracy Shipping Limited
ACE.NS,Action Construction Equipment Limited
ACEINTEG.NS,Ace Integrated Solutions Limited
ACI.NS,Archean Chemical Industries Limited
ACL.NS,Andhra Cements Limited
ACMESOLAR.NS,Acme Solar Holdings Limited
ACUTAAS.NS,Acutaas Chemicals Limited
ADANIENPP1.NS,Adani Enterprises Limited
ADANIENSOL.NS,Adani Energy Solutions Limited
ADANIENT.NS,Adani Enterprises Limited
ADANIGREEN.NS,Adani Green Energy Limited
ADANIPORTS.NS,Adani Ports And Special Economic Zone Limited
ADANIPOWER.NS,Adani Power Limited
ADFFOODS.NS,Adf Foods Limited
ADL.NS,Archidply Decor Limited
ADOR.NS,Ador Welding Limited
ADROITINFO.NS,Adroit Infotech Limited
ADSL.NS,Allied Digital Services Limited
ADVAIT.NS,Advait Energy Transitions Limited
ADVANCE.NS,Advance Agrolife Limited
ADVANIHOTR.NS,Advani Hotels & Resorts (India) Limited
ADVENTHTL.NS,Advent Hotels International Limited
ADVENZYMES.NS,Advanced Enzyme Technologies Limited
AEGISLOG.NS,Aegis Logistics Limited
AEGISVOPAK.NS,Aegis Vopak Terminals Limited
AEQUS.NS,Aequs Limited
AEROENTER.NS,Aeroflex Enterprises Limited
AEROFLEX.NS,Aeroflex Industries Limited
AERONEU.NS,Aeroflex Neu Limited
AETHER.NS,Aether Industries Limited
AFCONS.NS,Afcons Infrastructure Limited
AFFLE.NS,Affle 3I Limited
AFFORDABLE.NS,Affordable Robotic & Automation Limited
AFIL.NS,Akme Fintrade (India) Limited
AFSL.NS,Abans Financial Services Limited
AGARIND.NS,Agarwal Industrial Corporation Limited
AGARWALEYE.NS,Dr. Agarwal'S Health Care Limited
AGI.NS,Agi Greenpac Limited
AGIIL.NS,Agi Infra Limited
AGRITECH.NS,Agri-Tech (India) Limited
AGROPHOS.NS,Agro Phos India Limited
AGSTRA.NS,Ags Transact Technologies Limited
AHCL.NS,Anlon Healthcare Limited
AHLADA.NS,Ahlada Engineers Limited
AHLEAST.NS,Asian Hotels (East) Limited
AHLUCONT.NS,Ahluwalia Contracts (India) Limited
AIAENG.NS,Aia Engineering Limited
AIIL.NS,Authum Investment & Infrastructure Limited
AIRAN.NS,Airan Limited
AIROLAM.NS,Airo Lam Limited
AJANTPHARM.NS,Ajanta Pharma Limited
AJAXENGG.NS,Ajax Engineering Limited
AJMERA.NS,Ajmera Realty & Infra India Limited
AJOONI.NS,Ajooni Biotech Limited
AKASH.NS,Akash Infra-Projects Limited
AKG.NS,Akg Exim Limited
AKI.NS,Aki India Limited
AKSHAR.NS,Akshar Spintex Limited
AKSHARCHEM.NS,Aksharchem India Limited
AKSHOPTFBR.NS,Aksh Optifibre Limited
AKUMS.NS,Akums Drugs And Pharmaceuticals Limited
AKZOINDIA.NS,Akzo Nobel India Limited
ALANKIT.NS,Alankit Limited
ALBERTDAVD.NS,Albert David Limited
ALEMBICLTD.NS,Alembic Limited
ALGOQUANT.NS,Algoquant Fintech Limited
ALICON.NS,Alicon Castalloy Limited
ALIVUS.NS,Alivus Life Sciences Limited
ALKALI.NS,Alkali Metals Limited
ALKEM.NS,Alkem Laboratories Limited
ALKYLAMINE.NS,Alkyl Amines Chemicals Limited
ALLCARGO.NS,Allcargo Logistics Limited
ALLDIGI.NS,Alldigi Tech Limited
ALLTIME.NS,All Time Plastics Limited
ALMONDZ.NS,Almondz Global Securities Limited
ALOKINDS.NS,Alok Industries Limited
ALPA.NS,Alpa Laboratories Limited
ALPHAGEO.NS,Alphageo (India) Limited
AMAGI.NS,Amagi Media Labs Limited
AMANTA.NS,Amanta Healthcare Limited
AMBER.NS,Amber Enterprises India Limited
AMBICAAGAR.NS,Ambica Agarbathies & Aroma Industries Limited
AMBIKCO.NS,Ambika Cotton Mills Limited
AMBUJACEM.NS,Ambuja Cements Limited
AMDIND.NS,Amd Industries Limited
AMJLAND.NS,Amj Land Holdings Limited
AMNPLST.NS,Amines & Plasticizers Limited
AMRUTANJAN.NS,Amrutanjan Health Care Limited
ANANDRATHI.NS,Anand Rathi Wealth Limited
ANANTRAJ.NS,Anant Raj Limited
ANDHRAPAP.NS,Andhra Paper Limited
ANDHRSUGAR.NS,The Andhra Sugars Limited
ANGELONE.NS,Angel One Limited
ANIKINDS.NS,Anik Industries Limited
ANKITMETAL.NS,Ankit Metal & Power Limited
ANMOL.NS,Anmol India Limited
ANSALAPI.NS,Ansal Properties & Infrastructure Limited
ANTELOPUS.NS,Antelopus Selan Energy Limited
ANTGRAPHIC.NS,Antarctica Limited
ANTHEM.NS,Anthem Biosciences Limited
ANUHPHR.NS,Anuh Pharma Limited
ANUP.NS,The Anup Engineering Limited
ANURAS.NS,Anupam Rasayan India Limited
APARINDS.NS,Apar Industries Limited
APCL.NS,Anjani Portland Cement Limited
APCOTEXIND.NS,Apcotex Industries Limited
APEX.NS,Apex Frozen Foods Limited
APLAPOLLO.NS,Apl Apollo Tubes Limited
APLLTD.NS,Alembic Pharmaceuticals Limited
APOLLO.NS,Apollo Micro Systems Limited
APOLLOHOSP.NS,Apollo Hospitals Enterprise Limited
APOLLOPIPE.NS,Apollo Pipes Limited
APOLLOTYRE.NS,Apollo Tyres Limited
APOLSINHOT.NS,Apollo Sindoori Hotels Limited
APTECHT.NS,Aptech Limited
APTUS.NS,Aptus Value Housing Finance India Limited
ARCHIDPLY.NS,Archidply Industries Limited
ARCHIES.NS,Archies Limited
ARE&M.NS,Amara Raja Energy & Mobility Limited
ARENTERP.NS,Rajdarshan Industries Limited
ARFIN.NS,Arfin India Limited
ARIES.NS,Aries Agro Limited
ARIHANTCAP.NS,Arihant Capital Markets Limited
ARIHANTSUP.NS,Arihant Superstructures Limited
ARIS.NS,Arisinfra Solutions Limited
ARKADE.NS,Arkade Developers Limited
ARMANFIN.NS,Arman Financial Services Limited
AROGRANITE.NS,Aro Granite Industries Limited
ARROWGREEN.NS,Arrow Greentech Limited
ARSHIYA.NS,Arshiya Limited
ARSSBL.NS,Anand Rathi Share And Stock Brokers Limited
ARTEMISMED.NS,Artemis Medicare Services Limited
ARTNIRMAN.NS,Art Nirman Limited
ARVEE.NS,Arvee Laboratories (India) Limited
ARVIND.NS,Arvind Limited
ARVINDFASN.NS,Arvind Fashions Limited
ARVSMART.NS,Arvind Smartspaces Limited
ASAHIINDIA.NS,Asahi India Glass Limited
ASAHISONG.NS,Asahi Songwon Colors Limited
ASAL.NS,Automotive Stampings And Assemblies Limited
ASALCBR.NS,Associated Alcohols & Breweries Ltd.
ASHAPURMIN.NS,Ashapura Minechem Limited
ASHIANA.NS,Ashiana Housing Limited
ASHIMASYN.NS,Ashima Limited
ASHOKA.NS,Ashoka Buildcon Limited
ASHOKAMET.NS,Ashoka Metcast Limited
ASHOKLEY.NS,Ashok Leyland Limited
ASIANENE.NS,Asian Energy Services Limited
ASIANHOTNR.NS,Asian Hotels (North) Limited
ASIANPAINT.NS,Asian Paints Limited
ASIANTILES.NS,Asian Granito India Limited
ASKAUTOLTD.NS,Ask Automotive Limited
ASMS.NS,Bartronics India Limited
ASPINWALL.NS,Aspinwall And Company Limited
ASTEC.NS,Astec Lifesciences Limited
ASTERDM.NS,Aster Dm Healthcare Limited
ASTRAL.NS,Astral Limited
ASTRAMICRO.NS,Astra Microwave Products Limited
ASTRAZEN.NS,Astrazeneca Pharma India Limited
ASTRON.NS,Astron Paper & Board Mill Limited
ATALREAL.NS,Atal Realtech Limited
ATAM.NS,Atam Valves Limited
ATGL.NS,Adani Total Gas Limited
ATHERENERG.NS,Ather Energy Limited
ATL.NS,Allcargo Terminals Limited
ATLANTAA.NS,Atlantaa Limited
ATLANTAELE.NS,Atlanta Electricals Limited
ATLASCYCLE.NS,Atlas Cycles (Haryana) Limited
ATUL.NS,Atul Limited
ATULAUTO.NS,Atul Auto Limited
AUBANK.NS,Au Small Finance Bank Limited
AURIGROW.NS,Auri Grow India Limited
AURIONPRO.NS,Aurionpro Solutions Limited
AUROPHARMA.NS,Aurobindo Pharma Limited
AURUM.NS,Aurum Proptech Limited
AUSOMENT.NS,Ausom Enterprise Limited
AUTOAXLES.NS,Automotive Axles Limited
AUTOIND.NS,Autoline Industries Limited
AVADHSUGAR.NS,Avadh Sugar & Energy Limited
AVALON.NS,Avalon Technologies Limited
AVANTEL.NS,Avantel Limited
AVANTIFEED.NS,Avanti Feeds Limited
AVG.NS,Avg Logistics Limited
AVL.NS,Aditya Vision Limited
AVONMORE.NS,Avonmore Capital & Management Services Limited
AVROIND.NS,Avro India Limited
AVTNPL.NS,Avt Natural Products Limited
AWFIS.NS,Awfis Space Solutions Limited
AWHCL.NS,Antony Waste Handling Cell Limited
AWL.NS,Awl Agri Business Limited
AXISBANK.NS,Axis Bank Limited
AXISCADES.NS,Axiscades Technologies Limited
AXITA.NS,Axita Cotton Limited
AYMSYNTEX.NS,Aym Syntex Limited
AZAD.NS,Azad Engineering Limited
BAFNAPH.NS,Bafna Pharmaceuticals Limited
BAGFILMS.NS,B.A.G Films And Media Limited
BAIDFIN.NS,Baid Finserv Limited
BAJAJ-AUTO.NS,Bajaj Auto Limited
BAJAJCON.NS,Bajaj Consumer Care Limited
BAJAJELEC.NS,Bajaj Electricals Limited
BAJAJFINSV.NS,Bajaj Finserv Limited
BAJAJHCARE.NS,Bajaj Healthcare Limited
BAJAJHFL.NS,Bajaj Housing Finance Limited
BAJAJHIND.NS,Bajaj Hindusthan Sugar Limited
BAJAJHLDNG.NS,Bajaj Holdings & Investment Limited
BAJAJINDEF.NS,Indef Manufacturing Limited
BAJEL.NS,Bajel Projects Limited
BAJFINANCE.NS,Bajaj Finance Limited
BALAJEE.NS,Shree Tirupati Balajee Agro Trading Company Limited
BALAJITELE.NS,Balaji Telefilms Limited
BALAMINES.NS,Balaji Amines Limited
BALAXI.NS,Balaxi Pharmaceuticals Limited
BALKRISHNA.NS,Balkrishna Paper Mills Limited
BALKRISIND.NS,Balkrishna Industries Limited
BALMLAWRIE.NS,Balmer Lawrie & Company Limited
BALPHARMA.NS,Bal Pharma Limited
BALRAMCHIN.NS,Balrampur Chini Mills Limited
BALUFORGE.NS,Balu Forge Industries Limited
BANARBEADS.NS,Banaras Beads Limited
BANARISUG.NS,Bannari Amman Sugars Limited
BANCOINDIA.NS,Banco Products (I) Limited
BANDHANBNK.NS,Bandhan Bank Limited
BANG.NS,Bang Overseas Limited
BANKA.NS,Banka Bioloo Limited
BANKBARODA.NS,Bank Of Baroda
BANKINDIA.NS,Bank Of India
BANSALWIRE.NS,Bansal Wire Industries Limited
BANSWRAS.NS,Banswara Syntex Limited
BASF.NS,Basf India Limited
BASML.NS,Bannari Amman Spinning Mills Limited
BATAINDIA.NS,Bata India Limited
BAYERCROP.NS,Bayer Cropscience Limited
BBL.NS,Bharat Bijlee Limited
BBOX.NS,Black Box Limited
BBTC.NS,The Bombay Burmah Trading Corporation Limited
BBTCL.NS,B&B Triplewall Containers Limited
BCG.NS,Brightcom Group Limited
BCLIND.NS,Bcl Industries Limited
BCONCEPTS.NS,Brand Concepts Limited
BDL.NS,Bharat Dynamics Limited
BEARDSELL.NS,Beardsell Limited
BECTORFOOD.NS,Mrs. Bectors Food Specialities Limited
BEDMUTHA.NS,Bedmutha Industries Limited
BEL.NS,Bharat Electronics Limited
BELLACASA.NS,Bella Casa Fashion & Retail Limited
BELRISE.NS,Belrise Industries Limited
BEML.NS,Beml Limited
BEPL.NS,Bhansali Engineering Polymers Limited
BERGEPAINT.NS,Berger Paints (I) Limited
BESTAGRO.NS,Best Agrolife Limited
BETA.NS,Beta Drugs Limited
BFINVEST.NS,Bf Investment Limited
BFUTILITIE.NS,Bf Utilities Limited
BGLOBAL.NS,Bharatiya Global Infomedia Limited
BGRENERGY.NS,Bgr Energy Systems Limited
BHAGCHEM.NS,Bhagiradha Chemicals & Industries Limited
BHAGERIA.NS,Bhageria Industries Limited
BHAGYANGR.NS,Bhagyanagar India Limited
BHANDARI.NS,Bhandari Hosiery Exports Limited
BHARATCOAL.NS,Bharat Coking Coal Limited
BHARATFORG.NS,Bharat Forge Limited
BHARATGEAR.NS,Bharat Gears Limited
BHARATRAS.NS,Bharat Rasayan Limited
BHARATSE.NS,Bharat Seats Limited
BHARATWIRE.NS,Bharat Wire Ropes Limited
BHARTIARTL.NS,Bharti Airtel Limited
BHARTIHEXA.NS,Bharti Hexacom Limited
BHEL.NS,Bharat Heavy Electricals Limited
BIGBLOC.NS,Bigbloc Construction Limited
BIKAJI.NS,Bikaji Foods International Limited
BIL.NS,Bhartiya International Limited
BILVYAPAR.NS,Bil Vyapar Limited
BIOCON.NS,Biocon Limited
BIOFILCHEM.NS,Biofil Chemicals & Pharmaceuticals Limited
BIRLACABLE.NS,Birla Cable Limited
BIRLACORPN.NS,Birla Corporation Limited
BIRLAMONEY.NS,Aditya Birla Money Limited
BIRLANU.NS,Birlanu Limited
BLACKBUCK.NS,Blackbuck Limited
BLAL.NS,Beml Land Assets Limited
BLBLIMITED.NS,Blb Limited
BLISSGVS.NS,Bliss Gvs Pharma Limited
BLKASHYAP.NS,B. L. Kashyap And Sons Limited
BLS.NS,Bls International Services Limited
BLSE.NS,Bls E-Services Limited
BLUECHIP.NS,Blue Chip India Limited
BLUECOAST.NS,Blue Coast Hotels Limited
BLUEDART.NS,Blue Dart Express Limited
BLUEJET.NS,Blue Jet Healthcare Limited
BLUESTARCO.NS,Blue Star Limited
BLUESTONE.NS,Bluestone Jewellery And Lifestyle Limited
BLUSPRING.NS,Bluspring Enterprises Limited
BMWVENTLTD.NS,Bmw Ventures Limited
BODALCHEM.NS,Bodal Chemicals Limited
BOHRAIND.NS,Bohra Industries Limited
BOMDYEING.NS,Bombay Dyeing & Mfg Company Limited
BORANA.NS,Borana Weaves Limited
BOROLTD.NS,Borosil Limited
BORORENEW.NS,Borosil Renewables Limited
BOROSCI.NS,Borosil Scientific Limited
BOSCH-HCIL.NS,Bosch Home Comfort India Limited
BOSCHLTD.NS,Bosch Limited
BPCL.NS,Bharat Petroleum Corporation Limited
BPL.NS,Bpl Limited
BRIGADE.NS,Brigade Enterprises Limited
BRIGHOTEL.NS,Brigade Hotel Ventures Limited
BRITANNIA.NS,Britannia Industries Limited
BRNL.NS,Bharat Road Network Limited
BROOKS.NS,Brooks Laboratories Limited
BSE.NS,Bse Limited
BSHSL.NS,Bombay Super Hybrid Seeds Limited
BSL.NS,Bsl Limited
BSOFT.NS,Birlasoft Limited
BTML.NS,Bodhi Tree Multimedia Limited
BUILDPRO.NS,Shankara Buildpro Limited
BUTTERFLY.NS,Butterfly Gandhimathi Appliances Limited
BVCL.NS,Barak Valley Cements Limited
BYKE.NS,The Byke Hospitality Ltd
CALSOFT.NS,California Software Company Limited
CAMLINFINE.NS,Camlin Fine Sciences Limited
CAMPUS.NS,Campus Activewear Limited
CAMS.NS,Computer Age Management Services Limited
CANBK.NS,Canara Bank
CANFINHOME.NS,Can Fin Homes Limited
CANHLIFE.NS,Canara Hsbc Life Insurance Company Limited
CANTABIL.NS,Cantabil Retail India Limited
CAPACITE.NS,Capacit'E Infraprojects Limited
CAPILLARY.NS,Capillary Technologies India Limited
CAPITALSFB.NS,Capital Small Finance Bank Limited
CAPLIPOINT.NS,Caplin Point Laboratories Limited
CAPTRUST.NS,Capital Trust Limited
CARBORUNIV.NS,Carborundum Universal Limited
CARERATING.NS,Care Ratings Limited
CARRARO.NS,Carraro India Limited
CARTRADE.NS,Cartrade Tech Limited
CARYSIL.NS,Carysil Limited
CASTROLIND.NS,Castrol India Limited
CCAVENUE.NS,Avenuesai Limited
CCCL.NS,Consolidated Construction Consortium Limited
CCHHL.NS,Country Club Hospitality & Holidays Limited
CCL.NS,Ccl Products (India) Limited
CDSL.NS,Central Depository Services (India) Limited
CEATLTD.NS,Ceat Limited
CEIGALL.NS,Ceigall India Limited
CELEBRITY.NS,Celebrity Fashions Limited
CELLO.NS,Cello World Limited
CEMPRO.NS,Cemindia Projects Limited
CENTENKA.NS,Century Enka Limited
CENTEXT.NS,Century Extrusions Limited
CENTRALBK.NS,Central Bank Of India
CENTRUM.NS,Centrum Capital Limited
CENTUM.NS,Centum Electronics Limited
CENTURYPLY.NS,Century Plyboards (India) Limited
CERA.NS,Cera Sanitaryware Limited
CEREBRAINT.NS,Cerebra Integrated Technologies Limited
CESC.NS,Cesc Limited
CEWATER.NS,Concord Enviro Systems Limited
CGCL.NS,Capri Global Capital Limited
CGPOWER.NS,Cg Power And Industrial Solutions Limited
CHALET.NS,Chalet Hotels Limited
CHAMBLFERT.NS,Chambal Fertilizers & Chemicals Limited
CHEMBOND.NS,Chembond Material Technologies Limited
CHEMBONDCH.NS,Chembond Chemicals Limited
CHEMCON.NS,Chemcon Speciality Chemicals Limited
CHEMFAB.NS,Chemfab Alkalis Limited
CHEMPLASTS.NS,Chemplast Sanmar Limited
CHENNPETRO.NS,Chennai Petroleum Corporation Limited
CHEVIOT.NS,Cheviot Company Limited
CHOICEIN.NS,Choice International Limited
CHOLAFIN.NS,Cholamandalam Investment And Finance Company Limited
CHOLAHLDNG.NS,Cholamandalam Financial Holdings Limited
CIEINDIA.NS,Cie Automotive India Limited
CIFL.NS,Capital India Finance Limited
CIGNITITEC.NS,Cigniti Technologies Limited
CINELINE.NS,Cineline India Limited
CINEVISTA.NS,Cinevista Limited
CIPLA.NS,Cipla Limited
CLEAN.NS,Clean Science And Technology Limited
CLEDUCATE.NS,Cl Educate Limited
CLSEL.NS,Chaman Lal Setia Exports Limited
CMICABLES.NS,Cmi Limited
CMSINFO.NS,Cms Info Systems Limited
CNL.NS,Creative Newtech Limited
COALINDIA.NS,Coal India Limited
COASTCORP.NS,Coastal Corporation Limited
COCHINSHIP.NS,Cochin Shipyard Limited
COFFEEDAY.NS,Coffee Day Enterprises Limited
COFORGE.NS,Coforge Limited
COHANCE.NS,Cohance Lifesciences Limited
COLPAL.NS,Colgate Palmolive (India) Limited
COMPINFO.NS,Compuage Infocom Limited
COMPUSOFT.NS,Compucom Software Limited
COMSYN.NS,Commercial Syn Bags Limited
CONCOR.NS,Container Corporation Of India Limited
CONCORDBIO.NS,Concord Biotech Limited
CONFIPET.NS,Confidence Petroleum India Limited
CONSOFINVT.NS,Consolidated Finvest & Holdings Limited
CONTROLPR.NS,Control Print Limited
CORALFINAC.NS,Coral India Finance & Housing Limited
CORDSCABLE.NS,Cords Cable Industries Limited
COROMANDEL.NS,Coromandel International Limited
CORONA.NS,Corona Remedies Limited
COSMOFIRST.NS,Cosmo First Limited
COUNCODOS.NS,Country Condo'S Limited
CPCAP.NS,Cp Capital Limited
CPEDU.NS,Career Point Edutech Limited
CPPLUS.NS,Aditya Infotech Limited
CRAFTSMAN.NS,Craftsman Automation Limited
CRAMC.NS,Canara Robeco Asset Management Company Limited
CREATIVEYE.NS,Creative Eye Limited
CREDITACC.NS,Creditaccess Grameen Limited
CREST.NS,Crest Ventures Limited
CRISIL.NS,Crisil Limited
CRIZAC.NS,Crizac Limited
CROMPTON.NS,Crompton Greaves Consumer Electricals Limited
CROWN.NS,Crown Lifters Limited
CSBBANK.NS,Csb Bank Limited
CSLFINANCE.NS,Csl Finance Limited
CTE.NS,Cambridge Technology Enterprises Limited
CUB.NS,City Union Bank Limited
CUBEXTUB.NS,Cubex Tubings Limited
CUMMINSIND.NS,Cummins India Limited
CUPID.NS,Cupid Limited
CURAA.NS,Cura Technologies Limited
CYBERMEDIA.NS,Cyber Media (India) Limited
CYBERTECH.NS,Cybertech Systems And Software Limited
CYIENT.NS,Cyient Limited
CYIENTDLM.NS,Cyient Dlm Limited
DABUR.NS,Dabur India Limited
DALBHARAT.NS,Dalmia Bharat Limited
DALMIASUG.NS,Dalmia Bharat Sugar And Industries Limited
DAMCAPITAL.NS,Dam Capital Advisors Limited
DAMODARIND.NS,Damodar Industries Limited
DANGEE.NS,Dangee Dums Limited
DATAMATICS.NS,Datamatics Global Services Limited
DATAPATTNS.NS,Data Patterns (India) Limited
DAVANGERE.NS,Davangere Sugar Company Limited
DBCORP.NS,D.B.Corp Limited
DBEIL.NS,Deepak Builders & Engineers India Limited
DBL.NS,Dilip Buildcon Limited
DBOL.NS,Dhampur Bio Organics Limited
DBREALTY.NS,Valor Estate Limited
DBSTOCKBRO.NS,Db (International) Stock Brokers Limited
DCAL.NS,Dishman Carbogen Amcis Limited
DCBBANK.NS,Dcb Bank Limited
DCI.NS,Dc Infotech And Communication Limited
DCM.NS,Dcm  Limited
DCMFINSERV.NS,Dcm Financial Services Limited
DCMNVL.NS,Dcm Nouvelle Limited
DCMSHRIRAM.NS,Dcm Shriram Limited
DCMSRIND.NS,Dcm Shriram Industries Limited
DCW.NS,Dcw Limited
DCXINDIA.NS,Dcx Systems Limited
DDEVPLSTIK.NS,Ddev Plastiks Industries Limited
DECCANCE.NS,Deccan Cements Limited
DEEDEV.NS,Dee Development Engineers Limited
DEEPAKFERT.NS,Deepak Fertilizers And Petrochemicals Corporation Limited
DEEPAKNTR.NS,Deepak Nitrite Limited
DEEPINDS.NS,Deep Industries Limited
DELHIVERY.NS,Delhivery Limited
DELPHIFX.NS,Delphi World Money Limited
DELTACORP.NS,Delta Corp Limited
DELTAMAGNT.NS,Delta Manufacturing Limited
DEN.NS,Den Networks Limited
DENORA.NS,De Nora India Limited
DENTA.NS,Denta Water And Infra Solutions Limited
DEVIT.NS,Dev Information Technology Limited
DEVX.NS,Dev Accelerator Limited
DEVYANI.NS,Devyani International Limited
DGCONTENT.NS,Digicontent Limited
DHAMPURSUG.NS,Dhampur Sugar Mills Limited
DHANBANK.NS,Dhanlaxmi Bank Limited
DHANUKA.NS,Dhanuka Agritech Limited
DHARAN.NS,Dharan Infra-Epc Limited
DHARMAJ.NS,Dharmaj Crop Guard Limited
DHRUV.NS,Dhruv Consultancy Services Limited
DHUNINV.NS,Dhunseri Investments Limited
DIACABS.NS,Diamond Power Infrastructure Limited
DIAMINESQ.NS,Diamines & Chemicals Limited
DIAMONDYD.NS,Prataap Snacks Limited
DICIND.NS,Dic India Limited
DIFFNKG.NS,Diffusion Engineers Limited
DIGIDRIVE.NS,Digidrive Distributors Limited
DIGISPICE.NS,Digispice Technologies Limited
DIGITIDE.NS,Digitide Solutions Limited
DIGJAMLMTD.NS,Digjam Limited
DIL.NS,Debock Industries Limited
DISHTV.NS,Dish Tv India Limited
DIVGIITTS.NS,Divgi Torqtransfer Systems Limited
DIVISLAB.NS,Divi'S Laboratories Limited
DIXON.NS,Dixon Technologies (India) Limited
DJML.NS,Dj Mediaprint & Logistics Limited
DLF.NS,Dlf Limited
DLINKINDIA.NS,D-Link (India) Limited
DMART.NS,Avenue Supermarts Limited
DMCC.NS,Dmcc Speciality Chemicals Limited
DNAMEDIA.NS,Diligent Media Corporation Limited
DODLA.NS,Dodla Dairy Limited
DOLATALGO.NS,Dolat Algotech Limited
DOLLAR.NS,Dollar Industries Limited
DOLPHIN.NS,Dolphin Offshore Enterprises (India) Limited
DOMS.NS,Doms Industries Limited
DONEAR.NS,Donear Industries Limited
DPABHUSHAN.NS,D. P. Abhushan Limited
DPSCLTD.NS,Dpsc Limited
DPWIRES.NS,D P Wires Limited
DRCSYSTEMS.NS,Drc Systems India Limited
DREAMFOLKS.NS,Dreamfolks Services Limited
DREDGECORP.NS,Dredging Corporation Of India Limited
DRREDDY.NS,Dr. Reddy'S Laboratories Limited
DSSL.NS,Dynacons Systems & Solutions Limited
DTIL.NS,Dhunseri Tea & Industries Limited
DUCON.NS,Ducon Infratechnologies Limited
DVL.NS,Dhunseri Ventures Limited
DWARKESH.NS,Dwarikesh Sugar Industries Limited
DYCL.NS,Dynamic Cables Limited
DYNAMATECH.NS,Dynamatic Technologies Limited
DYNPRO.NS,Dynemic Products Limited
E2E.NS,E2E Networks Limited
EASEMYTRIP.NS,Easy Trip Planners Limited
EASTSILK.NS,Eastern Silk Industries Limited
EBGNG.NS,Gng Electronics Limited
ECLERX.NS,Eclerx Services Limited
ECOSMOBLTY.NS,Ecos (India) Mobility & Hospitality Limited
EDELWEISS.NS,Edelweiss Financial Services Limited
EDUCOMP.NS,Educomp Solutions Limited
EFCIL.NS,Efc (I) Limited
EICHERMOT.NS,Eicher Motors Limited
EIDPARRY.NS,Eid Parry India Limited
EIEL.NS,Enviro Infra Engineers Limited
EIFFL.NS,Euro India Fresh Foods Limited
EIHAHOTELS.NS,Eih Associated Hotels Limited
EIHOTEL.NS,Eih Limited
EIMCOELECO.NS,Eimco Elecon (India) Limited
EKC.NS,Everest Kanto Cylinder Limited
ELDEHSG.NS,Eldeco Housing And Industries Limited
ELECON.NS,Elecon Engineering Company Limited
ELECTCAST.NS,Electrosteel Castings Limited
ELECTHERM.NS,Electrotherm (India) Limited
ELGIEQUIP.NS,Elgi Equipments Limited
ELGIRUBCO.NS,Elgi Rubber Company Limited
ELIN.NS,Elin Electronics Limited
ELLEN.NS,Ellenbarrie Industrial Gases Limited
EMAMILTD.NS,Emami Limited
EMAMIPAP.NS,Emami Paper Mills Limited
EMAMIREAL.NS,Emami Realty Limited
EMBDL.NS,Embassy Developments Limited
EMCURE.NS,Emcure Pharmaceuticals Limited
EMIL.NS,Electronics Mart India Limited
EMKAY.NS,Emkay Global Financial Services Limited
EMMBI.NS,Emmbi Industries Limited
EMMVEE.NS,Emmvee Photovoltaic Power Limited
EMSLIMITED.NS,Ems Limited
EMUDHRA.NS,Emudhra Limited
ENDURANCE.NS,Endurance Technologies Limited
ENERGYDEV.NS,Energy Development Company Limited
ENGINERSIN.NS,Engineers India Limited
ENIL.NS,Entertainment Network (India) Limited
ENRIN.NS,Siemens Energy India Limited
ENTERO.NS,Entero Healthcare Solutions Limited
EPACK.NS,Epack Durable Limited
EPACKPEB.NS,Epack Prefab Technologies Limited
EPIGRAL.NS,Epigral Limited
EPL.NS,Epl Limited
EQUIPPP.NS,Equippp Social Impact Technologies Limited
EQUITASBNK.NS,Equitas Small Finance Bank Limited
ERIS.NS,Eris Lifesciences Limited
ESABINDIA.NS,Esab India Limited
ESAFSFB.NS,Esaf Small Finance Bank Limited
ESCORTS.NS,Escorts Kubota Limited
ESSARSHPNG.NS,Essar Shipping Limited
ESSENTIA.NS,Integra Essentia Limited
ESTER.NS,Ester Industries Limited
ETERNAL.NS,Eternal Limited
ETHOSLTD.NS,Ethos Limited
EUREKAFORB.NS,Eureka Forbes Limited
EUROBOND.NS,Euro Panel Products Limited
EUROPRATIK.NS,Euro Pratik Sales Limited
EUROTEXIND.NS,Eurotex Industries And Exports Limited
EVEREADY.NS,Eveready Industries India Limited
EVERESTIND.NS,Everest Industries Limited
EXCEL.NS,Excel Realty N Infra Limited
EXCELINDUS.NS,Excel Industries Limited
EXCELSOFT.NS,Excelsoft Technologies Limited
EXICOM.NS,Exicom Tele-Systems Limited
EXIDEIND.NS,Exide Industries Limited
EXPLEOSOL.NS,Expleo Solutions Limited
EXXARO.NS,Exxaro Tiles Limited
FABTECH.NS,Fabtech Technologies Limited
FACT.NS,Fertilizers And Chemicals Travancore Limited
FAIRCHEMOR.NS,Fairchem Organics Limited
FAZE3Q.NS,Faze Three Limited
FCL.NS,Fineotex Chemical Limited
FCONSUMER.NS,Future Consumer Limited
FCSSOFT.NS,Fcs Software Solutions Limited
FDC.NS,Fdc Limited
FEDERALBNK.NS,The Federal Bank  Limited
FEDFINA.NS,Fedbank Financial Services Limited
FEL.NS,Future Enterprises Limited
FELDVR.NS,Future Enterprises Limited
FIBERWEB.NS,Fiberweb (India) Limited
FIEMIND.NS,Fiem Industries Limited
FILATEX.NS,Filatex India Limited
FILATFASH.NS,Filatex Fashions Limited
FINCABLES.NS,Finolex Cables Limited
FINEORG.NS,Fine Organic Industries Limited
FINKURVE.NS,Finkurve Financial Services Limited
FINOPB.NS,Fino Payments Bank Limited
FINPIPE.NS,Finolex Industries Limited
FIRSTCRY.NS,Brainbees Solutions Limited
FISCHER.NS,Fischer Medical Ventures Limited
FIVESTAR.NS,Five-Star Business Finance Limited
FLAIR.NS,Flair Writing Industries Limited
FLEXITUFF.NS,Flexituff Ventures International Limited
FLFL.NS,Future Lifestyle Fashions Limited
FLUOROCHEM.NS,Gujarat Fluorochemicals Limited
FMGOETZE.NS,Federal-Mogul Goetze (India) Limited.
FMNL.NS,Future Market Networks Limited
FOCUS.NS,Focus Lighting And Fixtures Limited
FOODSIN.NS,Foods & Inns Limited
FORCEMOT.NS,Force Motors Ltd
FORTIS.NS,Fortis Healthcare Limited
FOSECOIND.NS,Foseco India Limited
FSL.NS,Firstsource Solutions Limited
FUSION.NS,Fusion Finance Limited
GABRIEL.NS,Gabriel India Limited
GAEL.NS,Gujarat Ambuja Exports Limited
GAIL.NS,Gail (India) Limited
GALAPREC.NS,Gala Precision Engineering Limited
GALAXYSURF.NS,Galaxy Surfactants Limited
GALLANTT.NS,Gallantt Ispat Limited
GANDHAR.NS,Gandhar Oil Refinery (India) Limited
GANDHITUBE.NS,Gandhi Special Tubes Limited
GANECOS.NS,Ganesha Ecosphere Limited
GANESHBE.NS,Ganesh Benzoplast Limited
GANESHCP.NS,Ganesh Consumer Products Limited
GANESHHOU.NS,Ganesh Housing Limited
GANGAFORGE.NS,Ganga Forging Limited
GANGESSECU.NS,Ganges Securities Limited
GARFIBRES.NS,Garware Technical Fibres Limited
GARUDA.NS,Garuda Construction And Engineering Limited
GATECH.NS,Gacm Technologies Limited
GATECHDVR.NS,Gacm Technologies Limited
GATEWAY.NS,Gateway Distriparks Limited
GAYAHWS.NS,Gayatri Highways Limited
GAYAPROJ.NS,Gayatri Projects Limited
GCSL.NS,Gretex Corporate Services Limited
GEECEE.NS,Geecee Ventures Limited
GEEKAYWIRE.NS,Geekay Wires Limited
GEMAROMA.NS,Gem Aromatics Limited
GENCON.NS,Generic Engineering Construction And Projects Limited
GENESYS.NS,Genesys International Corporation Limited
GENSOL.NS,Gensol Engineering Limited
GENUSPAPER.NS,Genus Paper & Boards Limited
GENUSPOWER.NS,Genus Power Infrastructures Limited
GEOJITFSL.NS,Geojit Financial Services Limited
GESHIP.NS,The Great Eastern Shipping Company Limited
GFLLIMITED.NS,Gfl Limited
GFSTEELS.NS,Grand Foundry Limited
GHCL.NS,Ghcl Limited
GHCLTEXTIL.NS,Ghcl Textiles Limited
GICHSGFIN.NS,Gic Housing Finance Limited
GICRE.NS,General Insurance Corporation Of India
GILLANDERS.NS,Gillanders Arbuthnot & Company Limited
GILLETTE.NS,Gillette India Limited
GINNIFILA.NS,Ginni Filaments Limited
GIPCL.NS,Gujarat Industries Power Company Limited
GKENERGY.NS,Gk Energy Limited
GKSL.NS,Gujarat Kidney And Super Speciality Limited
GKWLIMITED.NS,Gkw Limited
GLAND.NS,Gland Pharma Limited
GLAXO.NS,Glaxosmithkline Pharmaceuticals Limited
GLENMARK.NS,Glenmark Pharmaceuticals Limited
GLFL.NS,Gujarat Lease Financing Limited
GLOBAL.NS,Global Education Limited
GLOBALE.NS,Globale Tessile Limited
GLOBALVECT.NS,Global Vectra Helicorp Limited
GLOBE.NS,Globe Enterprises (India) Limited
GLOBECIVIL.NS,Globe Civil Projects Limited
GLOBUSSPR.NS,Globus Spirits Limited
GLOSTERLTD.NS,Gloster Limited
GLOTTIS.NS,Glottis Limited
GMBREW.NS,Gm Breweries Limited
GMDCLTD.NS,Gujarat Mineral Development Corporation Limited
GMMPFAUDLR.NS,Gmm Pfaudler Limited
GMRAIRPORT.NS,Gmr Airports Limited
GMRP&UI.NS,Gmr Power And Urban Infra Limited
GNA.NS,Gna Axles Limited
GNFC.NS,Gujarat Narmada Valley Fertilizers And Chemicals Limited
GOACARBON.NS,Goa Carbon Limited
GOCLCORP.NS,Gocl Corporation Limited
GOCOLORS.NS,Go Fashion (India) Limited
GODAVARIB.NS,Godavari Biorefineries Limited
GODFRYPHLP.NS,Godfrey Phillips India Limited
GODIGIT.NS,Go Digit General Insurance Limited
GODREJAGRO.NS,Godrej Agrovet Limited
GODREJCP.NS,Godrej Consumer Products Limited
GODREJIND.NS,Godrej Industries Limited
GODREJPROP.NS,Godrej Properties Limited
GOKEX.NS,Gokaldas Exports Limited
GOKUL.NS,Gokul Refoils And Solvent Limited
GOKULAGRO.NS,Gokul Agro Resources Limited
GOLDENTOBC.NS,Golden Tobacco Limited
GOLDIAM.NS,Goldiam International Limited
GOLDTECH.NS,Aion-Tech Solutions Limited
GOODLUCK.NS,Goodluck India Limited
GOPAL.NS,Gopal Snacks Limited
GOYALALUM.NS,Goyal Aluminiums Limited
GPIL.NS,Godawari Power And Ispat Limited
GPPL.NS,Gujarat Pipavav Port Limited
GPTHEALTH.NS,Gpt Healthcare Limited
GPTINFRA.NS,Gpt Infraprojects Limited
GRANULES.NS,Granules India Limited
GRAPHITE.NS,Graphite India Limited
GRASIM.NS,Grasim Industries Limited
GRAVITA.NS,Gravita India Limited
GREAVESCOT.NS,Greaves Cotton Limited
GREENLAM.NS,Greenlam Industries Limited
GREENPANEL.NS,Greenpanel Industries Limited
GREENPLY.NS,Greenply Industries Limited
GREENPOWER.NS,Orient Green Power Company Limited
GRINDWELL.NS,Grindwell Norton Limited
GRINFRA.NS,G R Infraprojects Limited
GRMOVER.NS,Grm Overseas Limited
GROBTEA.NS,The Grob Tea Company Limited
GROWW.NS,Billionbrains Garage Ventures Limited
GRPLTD.NS,Grp Limited
GRSE.NS,Garden Reach Shipbuilders & Engineers Limited
GRWRHITECH.NS,Garware Hi-Tech Films Limited
GSFC.NS,Gujarat State Fertilizers & Chemicals Limited
GSLSU.NS,Global Surfaces Limited
GSPL.NS,Gujarat State Petronet Limited
GSS.NS,Gss Infotech Limited
GTECJAINX.NS,G-Tec Jainx Education Limited
GTL.NS,Gtl Limited
GTLINFRA.NS,Gtl Infrastructure Limited
GTPL.NS,Gtpl Hathway Limited
GUFICBIO.NS,Gufic Biosciences Limited
GUJALKALI.NS,Gujarat Alkalies And Chemicals Limited
GUJAPOLLO.NS,Gujarat Apollo Industries Limited
GUJGASLTD.NS,Gujarat Gas Limited
GUJRAFFIA.NS,Gujarat Raffia Industries Limited
GUJTHEM.NS,Gujarat Themis Biosyn Limited
GULFOILLUB.NS,Gulf Oil Lubricants India Limited
GULFPETRO.NS,Gp Petroleums Limited
GULPOLY.NS,Gulshan Polyols Limited
GVKPIL.NS,Gvk Power & Infrastructure Limited
GVPIL.NS,Ge Power India Limited
GVPTECH.NS,Gvp Infotech Limited
GVT&D.NS,Ge Vernova T&D India Limited
HAL.NS,Hindustan Aeronautics Limited
HALDER.NS,Halder Venture Limited
HALEOSLABS.NS,Haleos Labs Limited
HAPPSTMNDS.NS,Happiest Minds Technologies Limited
HAPPYFORGE.NS,Happy Forgings Limited
HARDWYN.NS,Hardwyn India Limited
HARIOMPIPE.NS,Hariom Pipe Industries Limited
HARRMALAYA.NS,Harrisons  Malayalam Limited
HARSHA.NS,Harsha Engineers International Limited
HATHWAY.NS,Hathway Cable & Datacom Limited
HATSUN.NS,Hatsun Agro Product Limited
HAVELLS.NS,Havells India Limited
HAVISHA.NS,Sri Havisha Hospitality And Infrastructure Limited
HBLENGINE.NS,Hbl Engineering Limited
HBSL.NS,Hb Stockholdings Limited
HCC.NS,Hindustan Construction Company Limited
HCG.NS,Healthcare Global Enterprises Limited
HCL-INSYS.NS,Hcl Infosystems Limited
HCLTECH.NS,Hcl Technologies Limited
HDBFS.NS,Hdb Financial Services Limited
HDFCAMC.NS,Hdfc Asset Management Company Limited
HDFCBANK.NS,Hdfc Bank Limited
HDFCLIFE.NS,Hdfc Life Insurance Company Limited
HDIL.NS,Housing Development And Infrastructure Limited
HEADSUP.NS,Heads Up Ventures Limited
HECPROJECT.NS,Hec Infra Projects Limited
HEG.NS,Heg Limited
HEIDELBERG.NS,Heidelbergcement India Limited
HEMIPROP.NS,Hemisphere Properties India Limited
HERANBA.NS,Heranba Industries Limited
HERITGFOOD.NS,Heritage Foods Limited
HEROMOTOCO.NS,Hero Motocorp Limited
HESTERBIO.NS,Hester Biosciences Limited
HEXATRADEX.NS,Hexa Tradex Limited
HEXT.NS,Hexaware Technologies Limited
HFCL.NS,Hfcl Limited
HGINFRA.NS,H.G. Infra Engineering Limited
HGM.NS,Handson Global Management (Hgm) Limited
HGS.NS,Hinduja Global Solutions Limited
HIKAL.NS,Hikal Limited
HILINFRA.NS,Highway Infrastructure Limited
HILTON.NS,Hilton Metal Forging Limited
HIMATSEIDE.NS,Himatsingka Seide Limited
HINDALCO.NS,Hindalco Industries Limited
HINDCOMPOS.NS,Hindustan Composites Limited
HINDCON.NS,Hindcon Chemicals Limited
HINDCOPPER.NS,Hindustan Copper Limited
HINDOILEXP.NS,Hindustan Oil Exploration Company Limited
HINDPETRO.NS,Hindustan Petroleum Corporation Limited
HINDUNILVR.NS,Hindustan Unilever Limited
HINDWAREAP.NS,Hindware Home Innovation Limited
HINDZINC.NS,Hindustan Zinc Limited
HIRECT.NS,Hind Rectifiers Limited
HISARMETAL.NS,Hisar Metal Industries Limited
HITECH.NS,Hi-Tech Pipes Limited
HITECHCORP.NS,Hitech Corporation Limited
HITECHGEAR.NS,The Hi-Tech Gears Limited
HLEGLAS.NS,Hle Glascoat Limited
HLVLTD.NS,Hlv Limited
HMAAGRO.NS,Hma Agro Industries Limited
HMT.NS,Hmt Limited
HMVL.NS,Hindustan Media Ventures Limited
HNDFDS.NS,Hindustan Foods Limited
HOMEFIRST.NS,Home First Finance Company India Limited
HONASA.NS,Honasa Consumer Limited
HONAUT.NS,Honeywell Automation India Limited
HONDAPOWER.NS,Honda India Power Products Limited
HPAL.NS,Hp Adhesives Limited
HPIL.NS,Hindprakash Industries Limited
HPL.NS,Hpl Electric & Power Limited
HSCL.NS,Himadri Speciality Chemical Limited
HTMEDIA.NS,Ht Media Limited
HUBTOWN.NS,Hubtown Limited
HUDCO.NS,Housing & Urban Development Corporation Limited
HUHTAMAKI.NS,Huhtamaki India Limited
HYBRIDFIN.NS,Hybrid Financial Services Limited
HYUNDAI.NS,Hyundai Motor India Limited
IBULLSLTD.NS,Indiabulls Limited
ICDSLTD.NS,Icds Limited
ICEMAKE.NS,Ice Make Refrigeration Limited
ICICIAMC.NS,Icici Prudential Asset Management Company Limited
ICICIBANK.NS,Icici Bank Limited
ICICIGI.NS,Icici Lombard General Insurance Company Limited
ICICIPRULI.NS,Icici Prudential Life Insurance Company Limited
ICIL.NS,Indo Count Industries Limited
ICRA.NS,Icra Limited
IDBI.NS,Idbi Bank Limited
IDEA.NS,Vodafone Idea Limited
IDEAFORGE.NS,Ideaforge Technology Limited
IDFCFIRSTB.NS,Idfc First Bank Limited
IEX.NS,Indian Energy Exchange Limited
IFBAGRO.NS,Ifb Agro Industries Limited
IFBIND.NS,Ifb Industries Limited
IFCI.NS,Ifci Limited
IFGLEXPOR.NS,Ifgl Refractories Limited
IGARASHI.NS,Igarashi Motors India Limited
IGCL.NS,Indogulf Cropsciences Limited
IGIL.NS,International Gemmological Institute (India) Limited
IGL.NS,Indraprastha Gas Limited
IGPL.NS,Ig Petrochemicals Limited
IIFL.NS,Iifl Finance Limited
IIFLCAPS.NS,Iifl Capital Services Limited
IITL.NS,Industrial Investment Trust Limited
IKIO.NS,Ikio Technologies Limited
IKS.NS,Inventurus Knowledge Solutions Limited
IL&FSENGG.NS,Il&Fs Engineering And Construction Company Limited
IL&FSTRANS.NS,Il&Fs Transportation Networks Limited
IMAGICAA.NS,Imagicaaworld Entertainment Limited
IMFA.NS,Indian Metals & Ferro Alloys Limited
IMPAL.NS,India Motor Parts And Accessories Limited
IMPEXFERRO.NS,Impex Ferro Tech Limited
INCREDIBLE.NS,Incredible Industries Limited
INDBANK.NS,Indbank Merchant Banking Services Limited
INDGN.NS,Indegene Limited
INDHOTEL.NS,The Indian Hotels Company Limited
INDIACEM.NS,The India Cements Limited
INDIAGLYCO.NS,India Glycols Limited
INDIAMART.NS,Indiamart Intermesh Limited
INDIANB.NS,Indian Bank
INDIANCARD.NS,Indian Card Clothing Company Limited
INDIANHUME.NS,Indian Hume Pipe Company Limited
INDIASHLTR.NS,India Shelter Finance Corporation Limited
INDIGO.NS,Interglobe Aviation Limited
INDIGOPNTS.NS,Indigo Paints Limited
INDIQUBE.NS,Indiqube Spaces Limited
INDNIPPON.NS,India Nippon Electricals Limited
INDOAMIN.NS,Indo Amines Limited
INDOBORAX.NS,Indo Borax & Chemicals Limited
INDOCO.NS,Indoco Remedies Limited
INDOFARM.NS,Indo Farm Equipment Limited
INDORAMA.NS,Indo Rama Synthetics (India) Limited
INDOSTAR.NS,Indostar Capital Finance Limited
INDOTECH.NS,Indo Tech Transformers Limited
INDOTHAI.NS,Indo Thai Securities Limited
INDOUS.NS,Indo Us Biotech Limited
INDOWIND.NS,Indowind Energy Limited
INDRAMEDCO.NS,Indraprastha Medical Corporation Limited
INDSWFTLAB.NS,Ind-Swift Laboratories Limited
INDTERRAIN.NS,Indian Terrain Fashions Limited
INDUSINDBK.NS,Indusind Bank Limited
INDUSTOWER.NS,Indus Towers Limited
INFOBEAN.NS,Infobeans Technologies Limited
INFOMEDIA.NS,Infomedia Press Limited
INFY.NS,Infosys Limited
INGERRAND.NS,Ingersoll Rand (India) Limited
INNOVACAP.NS,Innova Captab Limited
INNOVANA.NS,Innovana Thinklabs Limited
INOXGREEN.NS,Inox Green Energy Services Limited
INOXINDIA.NS,Inox India Limited
INOXWIND.NS,Inox Wind Limited
INSECTICID.NS,Insecticides (India) Limited
INSPIRISYS.NS,Inspirisys Solutions Limited
INTELLECT.NS,Intellect Design Arena Limited
INTENTECH.NS,Intense Technologies Limited
INTERARCH.NS,Interarch Building Solutions Limited
INTLCONV.NS,International Conveyors Limited
INVENTURE.NS,Inventure Growth & Securities Limited
IOB.NS,Indian Overseas Bank
IOC.NS,Indian Oil Corporation Limited
IOLCP.NS,Iol Chemicals And Pharmaceuticals Limited
IONEXCHANG.NS,Ion Exchange (India) Limited
IPCALAB.NS,Ipca Laboratories Limited
IPL.NS,India Pesticides Limited
IRB.NS,Irb Infrastructure Developers Limited
IRCON.NS,Ircon International Limited
IRCTC.NS,Indian Railway Catering And Tourism Corporation Limited
IREDA.NS,Indian Renewable Energy Development Agency Limited
IRFC.NS,Indian Railway Finance Corporation Limited
IRIS.NS,Iris Regtech Solutions Limited
IRISDOREME.NS,Iris Clothings Limited
IRMENERGY.NS,Irm Energy Limited
ISFT.NS,Intrasoft Technologies Limited
ISGEC.NS,Isgec Heavy Engineering Limited
ISHANCH.NS,Ishan Dyes And Chemicals Limited
ITC.NS,Itc Limited
ITCHOTELS.NS,Itc Hotels Limited
ITDC.NS,India Tourism Development Corporation Limited
ITI.NS,Iti Limited
IVALUE.NS,Ivalue Infosolutions Limited
IVC.NS,Il&Fs Investment Managers Limited
IVP.NS,Ivp Limited
IXIGO.NS,Le Travenues Technology Limited
IZMO.NS,Izmo Limited
J&KBANK.NS,The Jammu & Kashmir Bank Limited
JAGRAN.NS,Jagran Prakashan Limited
JAGSNPHARM.NS,Jagsonpal Pharmaceuticals Limited
JAIBALAJI.NS,Jai Balaji Industries Limited
JAICORPLTD.NS,Jai Corp Limited
JAINREC.NS,Jain Resource Recycling Limited
JAIPURKURT.NS,Nandani Creation Limited
JAMNAAUTO.NS,Jamna Auto Industries Limited
JARO.NS,Jaro Institute Of Technology Management And Research Limited
JASH.NS,Jash Engineering Limited
JAYAGROGN.NS,Jayant Agro Organics Limited
JAYBARMARU.NS,Jay Bharat Maruti Limited
JAYKAY.NS,Jaykay Enterprises Limited
JAYNECOIND.NS,Jayaswal Neco Industries Limited
JAYSREETEA.NS,Jayshree Tea & Industries Limited
JBCHEPHARM.NS,Jb Chemicals & Pharmaceuticals Limited
JBMA.NS,Jbm Auto Limited
JETFREIGHT.NS,Jet Freight Logistics Limited
JGCHEM.NS,J.G.Chemicals Limited
JHS.NS,Jhs Svendgaard Laboratories Limited
JINDALPHOT.NS,Jindal Photo Limited
JINDALPOLY.NS,Jindal Poly Films Limited
JINDALSAW.NS,Jindal Saw Limited
JINDALSTEL.NS,Jindal Steel Limited
JINDRILL.NS,Jindal Drilling And Industries Limited
JINDWORLD.NS,Jindal Worldwide Limited
JIOFIN.NS,Jio Financial Services Limited
JISLDVREQS.NS,Jain Irrigation Systems Limited
JISLJALEQS.NS,Jain Irrigation Systems Limited
JITFINFRA.NS,Jitf Infralogistics Limited
JKCEMENT.NS,Jk Cement Limited
JKIL.NS,J.Kumar Infraprojects Limited
JKIPL.NS,Jinkushal Industries Limited
JKLAKSHMI.NS,Jk Lakshmi Cement Limited
JKPAPER.NS,Jk Paper Limited
JKTYRE.NS,Jk Tyre & Industries Limited
JLHL.NS,Jupiter Life Line Hospitals Limited
JMA.NS,Jullundur Motor Agency (Delhi) Limited
JMFINANCIL.NS,Jm Financial Limited
JNKINDIA.NS,Jnk India Limited
JOCIL.NS,Jocil Limited
JPASSOCIAT.NS,Jaiprakash Associates Limited
JPOLYINVST.NS,Jindal Poly Investment And Finance Company Limited
JPPOWER.NS,Jaiprakash Power Ventures Limited
JSFB.NS,Jana Small Finance Bank Limited
JSL.NS,Jindal Stainless Limited
JSLL.NS,Jeena Sikho Lifecare Limited
JSWCEMENT.NS,Jsw Cement Limited
JSWENERGY.NS,Jsw Energy Limited
JSWHL.NS,Jsw Holdings Limited
JSWINFRA.NS,Jsw Infrastructure Limited
JSWSTEEL.NS,Jsw Steel Limited
JTEKTINDIA.NS,Jtekt India Limited
JTLIND.NS,Jtl Industries Limited
JUBLCPL.NS,Jubilant Agri And Consumer Products Limited
JUBLFOOD.NS,Jubilant Foodworks Limited
JUBLINGREA.NS,Jubilant Ingrevia Limited
JUBLPHARMA.NS,Jubilant Pharmova Limited
JUNIPER.NS,Juniper Hotels Limited
JUSTDIAL.NS,Just Dial Limited
JWL.NS,Jupiter Wagons Limited
JYOTHYLAB.NS,Jyothy Labs Limited
JYOTICNC.NS,Jyoti Cnc Automation Limited
JYOTISTRUC.NS,Jyoti Structures Limited
KABRAEXTRU.NS,Kabra Extrusion Technik Limited
KAJARIACER.NS,Kajaria Ceramics Limited
KAKATCEM.NS,Kakatiya Cement Sugar & Industries Limited
KALAMANDIR.NS,Sai Silks (Kalamandir) Limited
KALPATARU.NS,Kalpataru Limited
KALYANI.NS,Kalyani Commercials Limited
KALYANIFRG.NS,Kalyani Forge Limited
KALYANKJIL.NS,Kalyan Jewellers India Limited
KAMATHOTEL.NS,Kamat Hotels (I) Limited
KAMDHENU.NS,Kamdhenu Limited
KAMOPAINTS.NS,Kamdhenu Ventures Limited
KANANIIND.NS,Kanani Industries Limited
KANORICHEM.NS,Kanoria Chemicals & Industries Limited
KANPRPLA.NS,Kanpur Plastipack Limited
KANSAINER.NS,Kansai Nerolac Paints Limited
KAPSTON.NS,Kapston Services Limited
KARMAENG.NS,Karma Energy Limited
KARURVYSYA.NS,Karur Vysya Bank Limited
KAUSHALYA.NS,Kaushalya Infrastructure Development Corporation Limited
KAVDEFENCE.NS,Kavveri Defence & Wireless Technologies Limited
KAYA.NS,Kaya Limited
KAYNES.NS,Kaynes Technology India Limited
KCP.NS,Kcp Limited
KCPSUGIND.NS,Kcp Sugar And Industries Corporation Limited
KDDL.NS,Kddl Limited
KEC.NS,Kec International Limited
KECL.NS,Kirloskar Electric Company Limited
KEEPLEARN.NS,Dsj Keep Learning Limited
KEI.NS,Kei Industries Limited
KELLTONTEC.NS,Kellton Tech Solutions Limited
KERNEX.NS,Kernex Microsystems (India) Limited
KESORAMIND.NS,Kesoram Industries Limited
KEYFINSERV.NS,Keynote Financial Services Limited
KFINTECH.NS,Kfin Technologies Limited
KHADIM.NS,Khadim India Limited
KHAICHEM.NS,Khaitan Chemicals & Fertilizers Limited
KHAITANLTD.NS,Khaitan (India) Limited
KHANDSE.NS,Khandwala Securities Limited
KICL.NS,Kalyani Investment Company Limited
KILITCH.NS,Kilitch Drugs (India) Limited
KIMS.NS,Krishna Institute Of Medical Sciences Limited
KINGFA.NS,Kingfa Science & Technology (India) Limited
KIOCL.NS,Kiocl Limited
KIRIINDUS.NS,Kiri Industries Limited
KIRLOSBROS.NS,Kirloskar Brothers Limited
KIRLOSENG.NS,Kirloskar Oil Engines Limited
KIRLOSIND.NS,Kirloskar Industries Limited
KIRLPNU.NS,Kirloskar Pneumatic Company Limited
KITEX.NS,Kitex Garments Limited
KKCL.NS,Kewal Kiran Clothing Limited
KMEW.NS,Knowledge Marine & Engineering Works Limited
KMSUGAR.NS,K.M.Sugar Mills Limited
KNAGRI.NS,Kn Agri Resources Limited
KNRCON.NS,Knr Constructions Limited
KOHINOOR.NS,Kohinoor Foods Limited
KOKUYOCMLN.NS,Kokuyo Camlin Limited
KOLTEPATIL.NS,Kolte - Patil Developers Limited
KOPRAN.NS,Kopran Limited
KOTAKBANK.NS,Kotak Mahindra Bank Limited
KOTARISUG.NS,Kothari Sugars And Chemicals Limited
KOTHARIPET.NS,Kothari Petrochemicals Limited
KOTHARIPRO.NS,Kothari Products Limited
KPEL.NS,K.P. Energy Limited
KPIGREEN.NS,Kpi Green Energy Limited
KPIL.NS,Kalpataru Projects International Limited
KPITTECH.NS,Kpit Technologies Limited
KPRMILL.NS,K.P.R. Mill Limited
KRBL.NS,Krbl Limited
KREBSBIO.NS,Krebs Biochemicals And Industries Limited
KRIDHANINF.NS,Kridhan Infra Limited
KRISHANA.NS,Krishana Phoschem Limited
KRISHIVAL.NS,Krishival Foods Limited
KRISHNADEF.NS,Krishna Defence And Allied Industries Limited
KRITI.NS,Kriti Industries (India) Limited
KRITIKA.NS,Kritika Wires Limited
KRITINUT.NS,Kriti Nutrients Limited
KRN.NS,Krn Heat Exchanger And Refrigeration Limited
KRONOX.NS,Kronox Lab Sciences Limited
KROSS.NS,Kross Limited
KRSNAA.NS,Krsnaa Diagnostics Limited
KRYSTAL.NS,Krystal Integrated Services Limited
KSB.NS,Ksb Limited
KSCL.NS,Kaveri Seed Company Limited
KSHINTL.NS,Ksh International Limited
KSHITIJPOL.NS,Kshitij Polyline Limited
KSL.NS,Kalyani Steels Limited
KSOLVES.NS,Ksolves India Limited
KSR.NS,Ksr Footwear Limited
KTKBANK.NS,The Karnataka Bank Limited
KUANTUM.NS,Kuantum Papers Limited
LAGNAM.NS,Lagnam Spintex Limited
LAKPRE.NS,Lakshmi Precision Screws Limited
LAL.NS,Lorenzini Apparels Limited
LALPATHLAB.NS,Dr. Lal Path Labs Ltd.
LAMBODHARA.NS,Lambodhara Textiles Limited
LANCORHOL.NS,Lancor Holdings Limited
LANDMARK.NS,Landmark Cars Limited
LAOPALA.NS,La Opala Rg Limited
LASA.NS,Lasa Supergenerics Limited
LATENTVIEW.NS,Latent View Analytics Limited
LATTEYS.NS,Latteys Industries Limited
LAURUSLABS.NS,Laurus Labs Limited
LAXMICOT.NS,Laxmi Cotspin Limited
LAXMIDENTL.NS,Laxmi Dental Limited
LAXMIINDIA.NS,Laxmi India Finance Limited
LCCINFOTEC.NS,Lcc Infotech Limited
LEMERITE.NS,Le Merite Exports Limited
LEMONTREE.NS,Lemon Tree Hotels Limited
LENSKART.NS,Lenskart Solutions Limited
LEXUS.NS,Lexus Granito (India) Limited
LFIC.NS,Lakshmi Finance & Industrial Corporation Limited
LGBBROSLTD.NS,Lg Balakrishnan & Bros Limited
LGEINDIA.NS,Lg Electronics India Limited
LGHL.NS,Laxmi Goldorna House Limited
LIBAS.NS,Libas Consumer Products Limited
LIBERTSHOE.NS,Liberty Shoes Limited
LICHSGFIN.NS,Lic Housing Finance Limited
LICI.NS,Life Insurance Corporation Of India
LIKHITHA.NS,Likhitha Infrastructure Limited
LINC.NS,Linc Limited
LINCOLN.NS,Lincoln Pharmaceuticals Limited
LINDEINDIA.NS,Linde India Limited
LLOYDSENGG.NS,Lloyds Engineering Works Limited
LLOYDSENT.NS,Lloyds Enterprises Limited
LLOYDSME.NS,Lloyds Metals And Energy Limited
LMW.NS,Lmw Limited
LODHA.NS,Lodha Developers Limited
LOKESHMACH.NS,Lokesh Machines Limited
LORDSCHLO.NS,Lords Chloro Alkali Limited
LOTUSDEV.NS,Sri Lotus Developers And Realty Limited
LOTUSEYE.NS,Lotus Eye Hospital And Institute Limited
LOVABLE.NS,Lovable Lingerie Limited
LOYALTEX.NS,Loyal Textile Mills Limited
LPDC.NS,Landmark Property Development Company Limited
LT.NS,Larsen & Toubro Limited
LTF.NS,L&T Finance Limited
LTFOODS.NS,Lt Foods Limited
LTIM.NS,Ltimindtree Limited
LTTS.NS,L&T Technology Services Limited
LUMAXIND.NS,Lumax Industries Limited
LUMAXTECH.NS,Lumax Auto Technologies Limited
LUPIN.NS,Lupin Limited
LUXIND.NS,Lux Industries Limited
LXCHEM.NS,Laxmi Organic Industries Limited
LYKALABS.NS,Lyka Labs Limited
LYPSAGEMS.NS,Lypsa Gems & Jewellery Limited
M&M.NS,Mahindra & Mahindra Limited
M&MFIN.NS,Mahindra & Mahindra Financial Services Limited
MAANALU.NS,Maan Aluminium Limited
MACPOWER.NS,Macpower Cnc Machines Limited
MADHAV.NS,Madhav Marbles And Granites Limited
MADHUCON.NS,Madhucon Projects Limited
MADRASFERT.NS,Madras Fertilizers Limited
MAGADSUGAR.NS,Magadh Sugar & Energy Limited
MAGNUM.NS,Magnum Ventures Limited
MAHABANK.NS,Bank Of Maharashtra
MAHAPEXLTD.NS,Maha Rashtra Apex Corporation Limited
MAHASTEEL.NS,Mahamaya Steel Industries Limited
MAHEPC.NS,Mahindra Epc Irrigation Limited
MAHESHWARI.NS,Maheshwari Logistics Limited
MAHLIFE.NS,Mahindra Lifespace Developers Limited
MAHLOG.NS,Mahindra Logistics Limited
MAHSCOOTER.NS,Maharashtra Scooters Limited
MAHSEAMLES.NS,Maharashtra Seamless Limited
MAITHANALL.NS,Maithan Alloys Limited
MALLCOM.NS,Mallcom (India) Limited
MALUPAPER.NS,Malu Paper Mills Limited
MAMATA.NS,Mamata Machinery Limited
MANAKALUCO.NS,Manaksia Aluminium Company Limited
MANAKCOAT.NS,Manaksia Coated Metals & Industries Limited
MANAKSIA.NS,Manaksia Limited
MANAKSTEEL.NS,Manaksia Steels Limited
MANALIPETC.NS,Manali Petrochemicals Limited
MANAPPURAM.NS,Manappuram Finance Limited
MANBA.NS,Manba Finance Limited
MANCREDIT.NS,Mangal Credit And Fincorp Limited
MANGALAM.NS,Mangalam Drugs And Organics Limited
MANGLMCEM.NS,Mangalam Cement Limited
MANINDS.NS,Man Industries (India) Limited
MANINFRA.NS,Man Infraconstruction Limited
MANKIND.NS,Mankind Pharma Limited
MANOMAY.NS,Manomay Tex India Limited
MANORAMA.NS,Manorama Industries Limited
MANORG.NS,Mangalam Organics Limited
MANUGRAPH.NS,Manugraph India Limited
MANYAVAR.NS,Vedant Fashions Limited
MAPMYINDIA.NS,C.E. Info Systems Limited
MARALOVER.NS,Maral Overseas Limited
MARATHON.NS,Marathon Nextgen Realty Limited
MARICO.NS,Marico Limited
MARINE.NS,Marine Electricals (India) Limited
MARKOLINES.NS,Markolines Pavement Technologies Limited
MARKSANS.NS,Marksans Pharma Limited
MARUTI.NS,Maruti Suzuki India Limited
MASFIN.NS,Mas Financial Services Limited
MASKINVEST.NS,Mask Investments Limited
MASTEK.NS,Mastek Limited
MASTERTR.NS,Master Trust Limited
MATRIMONY.NS,Matrimony.Com Limited
MAWANASUG.NS,Mawana Sugars Limited
MAXESTATES.NS,Max Estates Limited
MAXHEALTH.NS,Max Healthcare Institute Limited
MAXIND.NS,Max India Limited
MAYURUNIQ.NS,Mayur Uniquoters Ltd
MAZDA.NS,Mazda Limited
MAZDOCK.NS,Mazagon Dock Shipbuilders Limited
MBAPL.NS,Madhya Bharat Agro Products Limited
MBEL.NS,M & B Engineering Limited
MBLINFRA.NS,Mbl Infrastructure Limited
MCL.NS,Madhav Copper Limited
MCLEODRUSS.NS,Mcleod Russel India Limited
MCLOUD.NS,Magellanic Cloud Limited
MCX.NS,Multi Commodity Exchange Of India Limited
MEDANTA.NS,Global Health Limited
MEDIASSIST.NS,Medi Assist Healthcare Services Limited
MEDICAMEQ.NS,Medicamen Biotech Limited
MEDICO.NS,Medico Remedies Limited
MEDPLUS.NS,Medplus Health Services Limited
MEESHO.NS,Meesho Limited
MEGASTAR.NS,Megastar Foods Limited
MEIL.NS,Mangal Electrical Industries Limited
MENONBE.NS,Menon Bearings Limited
MEP.NS,Mep Infrastructure Developers Limited
METROBRAND.NS,Metro Brands Limited
METROPOLIS.NS,Metropolis Healthcare Limited
MFML.NS,Mahalaxmi Fabric Mills Limited
MFSL.NS,Max Financial Services Limited
MGEL.NS,Mangalam Global Enterprise Limited
MGL.NS,Mahanagar Gas Limited
MHLXMIRU.NS,Mahalaxmi Rubtech Limited
MHRIL.NS,Mahindra Holidays & Resorts India Limited
MICEL.NS,Mic Electronics Limited
MIDHANI.NS,Mishra Dhatu Nigam Limited
MIDWESTLTD.NS,Midwest Limited
MINDACORP.NS,Minda Corporation Limited
MINDTECK.NS,Mindteck (India) Limited
MIRCELECTR.NS,Mirc Electronics Limited
MIRZAINT.NS,Mirza International Limited
MITCON.NS,Mitcon Consultancy & Engineering Services Limited
MITTAL.NS,Mittal Life Style Limited
MKPL.NS,M K Proteins Limited
MMFL.NS,Mm Forgings Limited
MMP.NS,Mmp Industries Limited
MMTC.NS,Mmtc Limited
MOBIKWIK.NS,One Mobikwik Systems Limited
MODINATUR.NS,Modi Naturals Limited
MODIRUBBER.NS,Modi Rubber Limited
MODIS.NS,Modis Navnirman Limited
MODISONLTD.NS,Modison Limited
MODTHREAD.NS,Modern Threads (India) Limited
MOHITIND.NS,Mohit Industries Limited
MOIL.NS,Moil Limited
MOKSH.NS,Moksh Ornaments Limited
MOL.NS,Meghmani Organics Limited
MOLDTECH.NS,Mold-Tek Technologies Limited
MOLDTKPAC.NS,Mold-Tek Packaging Limited
MONARCH.NS,Monarch Networth Capital Limited
MONEYBOXX.NS,Moneyboxx Finance Limited
MONTECARLO.NS,Monte Carlo Fashions Limited
MORARJEE.NS,Morarjee Textiles Limited
MOREPENLAB.NS,Morepen Laboratories Limited
MOSCHIP.NS,Moschip Technologies Limited
MOTHERSON.NS,Samvardhana Motherson International Limited
MOTILALOFS.NS,Motilal Oswal Financial Services Limited
MOTISONS.NS,Motisons Jewellers Limited
MOTOGENFIN.NS,The Motor & General Finance Limited
MPHASIS.NS,Mphasis Limited
MPSLTD.NS,Mps Limited
MRF.NS,Mrf Limited
MRPL.NS,Mangalore Refinery And Petrochemicals Limited
MSPL.NS,Msp Steel & Power Limited
MSTCLTD.NS,Mstc Limited
MSUMI.NS,Motherson Sumi Wiring India Limited
MTARTECH.NS,Mtar Technologies Limited
MTEDUCARE.NS,Mt Educare Limited
MTNL.NS,Mahanagar Telephone Nigam Limited
MUFIN.NS,Mufin Green Finance Limited
MUFTI.NS,Credo Brands Marketing Limited
MUKANDLTD.NS,Mukand Limited
MUKKA.NS,Mukka Proteins Limited
MUKTAARTS.NS,Mukta Arts Limited
MUNJALAU.NS,Munjal Auto Industries Limited
MUNJALSHOW.NS,Munjal Showa Limited
MURUDCERA.NS,Murudeshwar Ceramics Limited
MUTHOOTCAP.NS,Muthoot Capital Services Limited
MUTHOOTFIN.NS,Muthoot Finance Limited
MUTHOOTMF.NS,Muthoot Microfin Limited
MVGJL.NS,Manoj Vaibhav Gems N Jewellers Limited
MWL.NS,Mangalam Worldwide Limited
NACLIND.NS,Nacl Industries Limited
NAGAFERT.NS,Nagarjuna Fertilizers And Chemicals Limited
NAGREEKCAP.NS,Nagreeka Capital & Infrastructure Limited
NAGREEKEXP.NS,Nagreeka Exports Limited
NAHARCAP.NS,Nahar Capital And Financial Services Limited
NAHARINDUS.NS,Nahar Industrial Enterprises Limited
NAHARPOLY.NS,Nahar Poly Films Limited
NAHARSPING.NS,Nahar Spinning Mills Limited
NAM-INDIA.NS,Nippon Life India Asset Management Limited
NARMADA.NS,Narmada Agrobase Limited
NATCAPSUQ.NS,Natural Capsules Limited
NATCOPHARM.NS,Natco Pharma Limited
NATHBIOGEN.NS,Nath Bio-Genes (India) Limited
NATIONALUM.NS,National Aluminium Company Limited
NAUKRI.NS,Info Edge (India) Limited
NAVA.NS,Nava Limited
NAVINFLUOR.NS,Navin Fluorine International Limited
NAVKARCORP.NS,Navkar Corporation Limited
NAVKARURB.NS,Navkar Urbanstructure Limited
NAVNETEDUL.NS,Navneet Education Limited
NAZARA.NS,Nazara Technologies Limited
NBCC.NS,Nbcc (India) Limited
NBIFIN.NS,N. B. I. Industrial Finance Company Limited
NCC.NS,Ncc Limited
NCLIND.NS,Ncl Industries Limited
NDGL.NS,Naga Dhunseri Group Limited
NDL.NS,Nandan Denim Limited
NDLVENTURE.NS,Ndl Ventures Limited
NDRAUTO.NS,Ndr Auto Components Limited
NDTV.NS,New Delhi Television Limited
NECCLTD.NS,North Eastern Carrying Corporation Limited
NECLIFE.NS,Nectar Lifesciences Limited
NELCAST.NS,Nelcast Limited
NELCO.NS,Nelco Limited
NEOGEN.NS,Neogen Chemicals Limited
NEPHROPLUS.NS,Nephrocare Health Services Limited
NESCO.NS,Nesco Limited
NESTLEIND.NS,Nestle India Limited
NETWEB.NS,Netweb Technologies India Limited
NETWORK18.NS,Network18 Media & Investments Limited
NEUEON.NS,Neueon Corporation Limited
NEULANDLAB.NS,Neuland Laboratories Limited
NEWGEN.NS,Newgen Software Technologies Limited
NEXTMEDIA.NS,Next Mediaworks Limited
NFL.NS,National Fertilizers Limited
NGIL.NS,Nakoda Group Of Industries Limited
NGLFINE.NS,Ngl Fine-Chem Limited
NH.NS,Narayana Hrudayalaya Ltd.
NHPC.NS,Nhpc Limited
NIACL.NS,The New India Assurance Company Limited
NIBE.NS,Nibe Limited
NIBL.NS,Nrb Industrial Bearings Limited
NIITLTD.NS,Niit Limited
NIITMTS.NS,Niit Learning Systems Limited
NILAINFRA.NS,Nila Infrastructures Limited
NILASPACES.NS,Nila Spaces Limited
NILKAMAL.NS,Nilkamal Limited
NINSYS.NS,Nintec Systems Limited
NIPPOBATRY.NS,Indo-National Limited
NIRAJ.NS,Niraj Cement Structurals Limited
NIRAJISPAT.NS,Niraj Ispat Industries Limited
NITCO.NS,Nitco Limited
NITINSPIN.NS,Nitin Spinners Limited
NITIRAJ.NS,Nitiraj Engineers Limited
NIVABUPA.NS,Niva Bupa Health Insurance Company Limited
NKIND.NS,Nk Industries Limited
NLCINDIA.NS,Nlc India Limited
NMDC.NS,Nmdc Limited
NOCIL.NS,Nocil Limited
NOIDATOLL.NS,Noida Toll Bridge Company Limited
NORBTEAEXP.NS,Norben Tea & Exports Limited
NORTHARC.NS,Northern Arc Capital Limited
NOVAAGRI.NS,Nova Agritech Limited
NPST.NS,Network People Services Technologies Limited
NRAIL.NS,N R Agarwal Industries Limited
NRBBEARING.NS,Nrb Bearing Limited
NRL.NS,Nupur Recyclers Limited
NSIL.NS,Nalwa Sons Investments Limited
NSLNISP.NS,Nmdc Steel Limited
NTPC.NS,Ntpc Limited
NTPCGREEN.NS,Ntpc Green Energy Limited
NUCLEUS.NS,Nucleus Software Exports Limited
NURECA.NS,Nureca Limited
NUVAMA.NS,Nuvama Wealth Management Limited
NUVOCO.NS,Nuvoco Vistas Corporation Limited
NYKAA.NS,Fsn E-Commerce Ventures Limited
OAL.NS,Oriental Aromatics Limited
OBCL.NS,Orissa Bengal Carrier Limited
OBEROIRLTY.NS,Oberoi Realty Limited
OCCLLTD.NS,Occl Limited
ODIGMA.NS,Odigma Consultancy Solutions Limited
OFSS.NS,Oracle Financial Services Software Limited
OIL.NS,Oil India Limited
OILCOUNTUB.NS,Oil Country Tubular Limited
OLAELEC.NS,Ola Electric Mobility Limited
OLECTRA.NS,Olectra Greentech Limited
OMAXAUTO.NS,Omax Autos Limited
OMAXE.NS,Omaxe Limited
OMFREIGHT.NS,Om Freight Forwarders Limited
OMINFRAL.NS,Om Infra Limited
OMKARCHEM.NS,Omkar Speciality Chemicals Limited
ONELIFECAP.NS,Onelife Capital Advisors Limited
ONEPOINT.NS,One Point One Solutions Limited
ONESOURCE.NS,Onesource Specialty Pharma Limited
ONGC.NS,Oil & Natural Gas Corporation Limited
ONMOBILE.NS,Onmobile Global Limited
ONWARDTEC.NS,Onward Technologies Limited
OPTIEMUS.NS,Optiemus Infracom Limited
ORBTEXP.NS,Orbit Exports Limited
ORCHASP.NS,Orchasp Limited
ORCHPHARMA.NS,Orchid Pharma Limited
ORICONENT.NS,Oricon Enterprises Limited
ORIENTALTL.NS,Oriental Trimex Limited
ORIENTBELL.NS,Orient Bell Limited
ORIENTCEM.NS,Orient Cement Limited
ORIENTCER.NS,Orient Ceratech Limited
ORIENTELEC.NS,Orient Electric Limited
ORIENTHOT.NS,Oriental Hotels Limited
ORIENTLTD.NS,Orient Press Limited
ORIENTPPR.NS,Orient Paper & Industries Limited
ORIENTTECH.NS,Orient Technologies Limited
ORISSAMINE.NS,The Orissa Minerals Development Company Limited
ORKLAINDIA.NS,Orkla India Limited
ORTEL.NS,Ortel Communications Limited
ORTINGLOBE.NS,Ortin Global Limited
OSIAHYPER.NS,Osia Hyper Retail Limited
OSWALAGRO.NS,Oswal Agro Mills Limited
OSWALGREEN.NS,Oswal Greentech Limited
OSWALPUMPS.NS,Oswal Pumps Limited
OSWALSEEDS.NS,Shreeoswal Seeds And Chemicals Limited
PACEDIGITK.NS,Pace Digitek Limited
PAGEIND.NS,Page Industries Limited
PAISALO.NS,Paisalo Digital Limited
PAKKA.NS,Pakka Limited
PALASHSECU.NS,Palash Securities Limited
PALREDTEC.NS,Palred Technologies Limited
PANACEABIO.NS,Panacea Biotec Limited
PANACHE.NS,Panache Digilife Limited
PANAMAPET.NS,Panama Petrochem Limited
PANSARI.NS,Pansari Developers Limited
PAR.NS,Par Drugs And Chemicals Limited
PARACABLES.NS,Paramount Communications Limited
PARADEEP.NS,Paradeep Phosphates Limited
PARAGMILK.NS,Parag Milk Foods Limited
PARAS.NS,Paras Defence And Space Technologies Limited
PARASPETRO.NS,Paras Petrofils Limited
PARKHOSPS.NS,Park Medi World Limited
PARKHOTELS.NS,Apeejay Surrendra Park Hotels Limited
PARSVNATH.NS,Parsvnath Developers Limited
PASHUPATI.NS,Pashupati Cotspin Limited
PASUPTAC.NS,Pasupati Acrylon Limited
PATANJALI.NS,Patanjali Foods Limited
PATELENG.NS,Patel Engineering Limited
PATELRMART.NS,Patel Retail Limited
PATINTLOG.NS,Patel Integrated Logistics Limited
PAUSHAKLTD.NS,Paushak Limited
PAVNAIND.NS,Pavna Industries Limited
PAYTM.NS,One 97 Communications Limited
PCBL.NS,Pcbl Chemical Limited
PCJEWELLER.NS,Pc Jeweller Limited
PDMJEPAPER.NS,Pudumjee Paper Products Limited
PDSL.NS,Pds Limited
PEARLPOLY.NS,Pearl Polymers Limited
PENIND.NS,Pennar Industries Limited
PENINLAND.NS,Peninsula Land Limited
PERSISTENT.NS,Persistent Systems Limited
PETRONET.NS,Petronet Lng Limited
PFC.NS,Power Finance Corporation Limited
PFIZER.NS,Pfizer Limited
PFOCUS.NS,Prime Focus Limited
PFS.NS,Ptc India Financial Services Limited
PGEL.NS,Pg Electroplast Limited
PGHH.NS,Procter & Gamble Hygiene And Health Care Limited
PGHL.NS,Procter & Gamble Health Limited
PGIL.NS,Pearl Global Industries Limited
PHOENIXLTD.NS,The Phoenix Mills Limited
PICCADIL.NS,Piccadily Agro Industries Limited
PIDILITIND.NS,Pidilite Industries Limited
PIGL.NS,Power & Instrumentation (Gujarat) Limited
PIIND.NS,Pi Industries Limited
PILANIINVS.NS,Pilani Investment And Industries Corporation Limited
PILITA.NS,Pil Italica Lifestyle Limited
PINELABS.NS,Pine Labs Limited
PIONEEREMB.NS,Pioneer Embroideries Limited
PIRAMALFIN.NS,Piramal Finance Limited
PITTIENG.NS,Pitti Engineering Limited
PIXTRANS.NS,Pix Transmissions Limited
PKTEA.NS,The Peria Karamalai Tea & Produce Company Limited
PLASTIBLEN.NS,Plastiblends India Limited
PLATIND.NS,Platinum Industries Limited
PLAZACABLE.NS,Plaza Wires Limited
PNB.NS,Punjab National Bank
PNBGILTS.NS,Pnb Gilts Limited
PNBHOUSING.NS,Pnb Housing Finance Limited
PNC.NS,Pritish Nandy Communications Limited
PNCINFRA.NS,Pnc Infratech Limited
PNGJL.NS,P N Gadgil Jewellers Limited
POCL.NS,Pondy Oxides & Chemicals Limited
PODDARMENT.NS,Poddar Pigments Limited
POKARNA.NS,Pokarna Limited
POLICYBZR.NS,Pb Fintech Limited
POLYCAB.NS,Polycab India Limited
POLYMED.NS,Poly Medicure Limited
POLYPLEX.NS,Polyplex Corporation Limited
PONNIERODE.NS,Ponni Sugars (Erode) Limited
POONAWALLA.NS,Poonawalla Fincorp Limited
POWERGRID.NS,Power Grid Corporation Of India Limited
POWERINDIA.NS,Hitachi Energy India Limited
POWERMECH.NS,Power Mech Projects Limited
PPAP.NS,Ppap Automotive Limited
PPL.NS,Prakash Pipes Limited
PPLPHARMA.NS,Piramal Pharma Limited
PRABHA.NS,Prabha Energy Limited
PRAENG.NS,Prajay Engineers Syndicate Limited
PRAJIND.NS,Praj Industries Limited
PRAKASH.NS,Prakash Industries Limited
PRAKASHSTL.NS,Prakash Steelage Limited
PRAXIS.NS,Praxis Home Retail Limited
PRECAM.NS,Precision Camshafts Limited
PRECOT.NS,Precot Limited
PRECWIRE.NS,Precision Wires India Limited
PREMEXPLN.NS,Premier Explosives Limited
PREMIER.NS,Premier Limited
PREMIERENE.NS,Premier Energies Limited
PREMIERPOL.NS,Premier Polyfilm Limited
PRESTIGE.NS,Prestige Estates Projects Limited
PRICOLLTD.NS,Pricol Limited
PRIMESECU.NS,Prime Securities Limited
PRIMO.NS,Primo Chemicals Limited
PRINCEPIPE.NS,Prince Pipes And Fittings Limited
PRITI.NS,Priti International Limited
PRITIKAUTO.NS,Pritika Auto Industries Limited
PRIVISCL.NS,Privi Speciality Chemicals Limited
PROSTARM.NS,Prostarm Info Systems Limited
PROTEAN.NS,Protean Egov Technologies Limited
PROZONER.NS,Prozone Realty Limited
PRSMJOHNSN.NS,Prism Johnson Limited
PRUDENT.NS,Prudent Corporate Advisory Services Limited
PRUDMOULI.NS,Prudential Sugar Corporation Limited
PSB.NS,Punjab & Sind Bank
PSPPROJECT.NS,Psp Projects Limited
PTC.NS,Ptc India Limited
PTCIL.NS,Ptc Industries Limited
PTL.NS,Ptl Enterprises Limited
PUNJABCHEM.NS,Punjab Chemicals & Crop Protection Limited
PURVA.NS,Puravankara Limited
PVP.NS,Pvp Ventures Limited
PVRINOX.NS,Pvr Inox Limited
PVSL.NS,Popular Vehicles And Services Limited
PWL.NS,Physicswallah Limited
PYRAMID.NS,Pyramid Technoplast Limited
QPOWER.NS,Quality Power Electrical Equipments Limited
QUADFUTURE.NS,Quadrant Future Tek Limited
QUESS.NS,Quess Corp Limited
QUICKHEAL.NS,Quick Heal Technologies Limited
QUINTEGRA.NS,Quintegra Solutions Limited
RACE.NS,Race Eco Chain Limited
RACLGEAR.NS,Racl Geartech Limited
RADAAN.NS,Radaan Mediaworks India Limited
RADHIKAJWE.NS,Radhika Jeweltech Limited
RADIANTCMS.NS,Radiant Cash Management Services Limited
RADICO.NS,Radico Khaitan Limited
RADIOCITY.NS,Music Broadcast Limited
RAILTEL.NS,Railtel Corporation Of India Limited
RAIN.NS,Rain Industries Limited
RAINBOW.NS,Rainbow Childrens Medicare Limited
RAJESHEXPO.NS,Rajesh Exports Limited
RAJMET.NS,Rajnandini Metal Limited
RAJOOENG.NS,Rajoo Engineers Limited
RAJRATAN.NS,Rajratan Global Wire Limited
RAJRILTD.NS,Raj Rayon Industries Limited
RAJSREESUG.NS,Rajshree Sugars & Chemicals Limited
RAJTV.NS,Raj Television Network Limited
RAJVIR.NS,Rajvir Industries Limited
RALLIS.NS,Rallis India Limited
RAMANEWS.NS,Shree Rama Newsprint Limited
RAMAPHO.NS,Rama Phosphates Limited
RAMASTEEL.NS,Rama Steel Tubes Limited
RAMCOCEM.NS,The Ramco Cements Limited
RAMCOIND.NS,Ramco Industries Limited
RAMCOSYS.NS,Ramco Systems Limited
RAMKY.NS,Ramky Infrastructure Limited
RAMRAT.NS,Ram Ratna Wires Limited
RANASUG.NS,Rana Sugars Limited
RANEHOLDIN.NS,Rane Holdings Limited
RATEGAIN.NS,Rategain Travel Technologies Limited
RATNAMANI.NS,Ratnamani Metals & Tubes Limited
RATNAVEER.NS,Ratnaveer Precision Engineering Limited
RAYMOND.NS,Raymond Limited
RAYMONDLSL.NS,Raymond Lifestyle Limited
RAYMONDREL.NS,Raymond Realty Limited
RBA.NS,Restaurant Brands Asia Limited
RBLBANK.NS,Rbl Bank Limited
RBZJEWEL.NS,Rbz Jewellers Limited
RCF.NS,Rashtriya Chemicals And Fertilizers Limited
RCOM.NS,Reliance Communications Limited
RECLTD.NS,Rec Limited
REDINGTON.NS,Redington Limited
REDTAPE.NS,Redtape Limited
REFEX.NS,Refex Industries Limited
REGAAL.NS,Regaal Resources Limited
REGENCERAM.NS,Regency Ceramics Limited
RELAXO.NS,Relaxo Footwears Limited
RELCHEMQ.NS,Reliance Chemotex Industries Limited
RELIABLE.NS,Reliable Data Services Limited
RELIANCE.NS,Reliance Industries Limited
RELIGARE.NS,Religare Enterprises Limited
RELINFRA.NS,Reliance Infrastructure Limited
RELTD.NS,Ravindra Energy Limited
REMSONSIND.NS,Remsons Industries Limited
RENUKA.NS,Shree Renuka Sugars Limited
REPCOHOME.NS,Repco Home Finance Limited
REPL.NS,Rudrabhishek Enterprises Limited
REPRO.NS,Repro India Limited
RESPONIND.NS,Responsive Industries Limited
RETAIL.NS,Jhs Svendgaard Retail Ventures Limited
RGL.NS,Renaissance Global Limited
RHETAN.NS,Rhetan Tmt Limited
RHFL.NS,Reliance Home Finance Limited
RHIM.NS,Rhi Magnesita India Limited
RHL.NS,Robust Hotels Limited
RICOAUTO.NS,Rico Auto Industries Limited
RIIL.NS,Reliance Industrial Infrastructure Limited
RISHABH.NS,Rishabh Instruments Limited
RITCO.NS,Ritco Logistics Limited
RITES.NS,Rites Limited
RKDL.NS,Ravi Kumar Distilleries Limited
RKEC.NS,Rkec Projects Limited
RKFORGE.NS,Ramkrishna Forgings Limited
RKSWAMY.NS,R K Swamy Limited
RMDRIP.NS,R M Drip And Sprinklers Systems Limited
RML.NS,Rane (Madras) Limited
RNBDENIMS.NS,R&B Denims Limited
ROHLTD.NS,Royal Orchid Hotels Limited
ROLEXRINGS.NS,Rolex Rings Limited
ROLLT.NS,Rollatainers Limited
ROML.NS,Raj Oil Mills Limited
ROSSARI.NS,Rossari Biotech Limited
ROSSELLIND.NS,Rossell India Limited
ROSSTECH.NS,Rossell Techsys Limited
ROTO.NS,Roto Pumps Limited
ROUTE.NS,Route Mobile Limited
RPEL.NS,Raghav Productivity Enhancers Limited
RPGLIFE.NS,Rpg Life Sciences Limited
RPOWER.NS,Reliance Power Limited
RPPINFRA.NS,R.P.P. Infra Projects Limited
RPPL.NS,Rajshree Polypack Limited
RPSGVENT.NS,Rpsg Ventures Limited
RPTECH.NS,Rashi Peripherals Limited
RRKABEL.NS,R R Kabel Limited
RSSOFTWARE.NS,R. S. Software (India) Limited
RSWM.NS,Rswm Limited
RSYSTEMS.NS,R Systems International Limited
RTNINDIA.NS,Rattanindia Enterprises Limited
RTNPOWER.NS,Rattanindia Power Limited
RUBFILA.NS,Rubfila International Limited
RUBICON.NS,Rubicon Research Limited
RUBYMILLS.NS,The Ruby Mills Limited
RUCHINFRA.NS,Ruchi Infrastructure Limited
RUCHIRA.NS,Ruchira Papers Limited
RUDRA.NS,Rudra Global Infra Products Limited
RUPA.NS,Rupa & Company Limited
RUSHIL.NS,Rushil Decor Limited
RUSTOMJEE.NS,Keystone Realtors Limited
RVHL.NS,Ravinder Heights Limited
RVNL.NS,Rail Vikas Nigam Limited
RVTH.NS,Revathi Equipment India Limited
S&SPOWER.NS,S&S Power Switchgears Limited
SAATVIKGL.NS,Saatvik Green Energy Limited
SABEVENTS.NS,Sab Events & Governance Now Media Limited
SABTNL.NS,Sri Adhikari Brothers Television Network Limited
SADBHAV.NS,Sadbhav Engineering Limited
SADBHIN.NS,Sadbhav Infrastructure Project Limited
SADHNANIQ.NS,Sadhana Nitrochem Limited
SAFARI.NS,Safari Industries (India) Limited
SAGARDEEP.NS,Sagardeep Alloys Limited
SAGCEM.NS,Sagar Cements Limited
SAGILITY.NS,Sagility Limited
SAHYADRI.NS,Sahyadri Industries Limited
SAIL.NS,Steel Authority Of India Limited
SAILIFE.NS,Sai Life Sciences Limited
SAKAR.NS,Sakar Healthcare Limited
SAKHTISUG.NS,Sakthi Sugars Limited
SAKSOFT.NS,Saksoft Limited
SAKUMA.NS,Sakuma Exports Limited
SALASAR.NS,Salasar Techno Engineering Limited
SALONA.NS,Salona Cotspin Limited
SALSTEEL.NS,S.A.L. Steel Limited
SALZERELEC.NS,Salzer Electronics Limited
SAMBHAAV.NS,Sambhaav Media Limited
SAMBHV.NS,Sambhv Steel Tubes Limited
SAMHI.NS,Samhi Hotels Limited
SAMMAANCAP.NS,Sammaan Capital Limited
SAMPANN.NS,Sampann Utpadan India Limited
SANATHAN.NS,Sanathan Textiles Limited
SANCO.NS,Sanco Industries Limited
SANDESH.NS,The Sandesh Limited
SANDHAR.NS,Sandhar Technologies Limited
SANDUMA.NS,Sandur Manganese & Iron Ores Limited
SANGAMIND.NS,Sangam (India) Limited
SANGHIIND.NS,Sanghi Industries Limited
SANGHVIMOV.NS,Sanghvi Movers Limited
SANGINITA.NS,Sanginita Chemicals Limited
SANOFI.NS,Sanofi India Limited
SANOFICONR.NS,Sanofi Consumer Healthcare India Limited
SANSERA.NS,Sansera Engineering Limited
SANSTAR.NS,Sanstar Limited
SANWARIA.NS,Sanwaria Consumer Limited
SAPPHIRE.NS,Sapphire Foods India Limited
SARDAEN.NS,Sarda Energy & Minerals Limited
SAREGAMA.NS,Saregama India Limited
SARLAPOLY.NS,Sarla Performance Fibers Limited
SARVESHWAR.NS,Sarveshwar Foods Limited
SASKEN.NS,Sasken Technologies Limited
SASTASUNDR.NS,Sastasundar Ventures Limited
SATIA.NS,Satia Industries Limited
SATIN.NS,Satin Creditcare Network Limited
SAURASHCEM.NS,Saurashtra Cement Limited
SBC.NS,Sbc Exports Limited
SBCL.NS,Shivalik Bimetal Controls Limited
SBFC.NS,Sbfc Finance Limited
SBGLP.NS,Suratwwala Business Group Limited
SBICARD.NS,Sbi Cards And Payment Services Limited
SBILIFE.NS,Sbi Life Insurance Company Limited
SBIN.NS,State Bank Of India
SCHAEFFLER.NS,Schaeffler India Limited
SCHAND.NS,S Chand And Company Limited
SCHNEIDER.NS,Schneider Electric Infrastructure Limited
SCI.NS,Shipping Corporation Of India Limited
SCILAL.NS,Shipping Corporation Of India Land And Assets Limited
SCODATUBES.NS,Scoda Tubes Limited
SCPL.NS,Sheetal Cool Products Limited
SDBL.NS,Som Distilleries & Breweries Limited
SEAMECLTD.NS,Seamec Limited
SECMARK.NS,Secmark Consultancy Limited
SECURKLOUD.NS,Securekloud Technologies Limited
SEJALLTD.NS,Sejal Glass Limited
SELMC.NS,Sel Manufacturing Company Limited
SEMAC.NS,Semac Construction Limited
SENCO.NS,Senco Gold Limited
SENORES.NS,Senores Pharmaceuticals Limited
SEPC.NS,Sepc Limited
SERVOTECH.NS,Servotech Renewable Power System Limited
SESHAPAPER.NS,Seshasayee Paper And Boards Limited
SETCO.NS,Setco Automotive Limited
SETL.NS,Standard Engineering Technology Limited
SETUINFRA.NS,Setubandhan Infrastructure Limited
SEYAIND.NS,Seya Industries Limited
SFL.NS,Sheela Foam Limited
SGFIN.NS,Sg Finserve Limited
SGIL.NS,Synergy Green Industries Limited
SGL.NS,Stl Global Limited
SGMART.NS,Sg Mart Limited
SHADOWFAX.NS,Shadowfax Technologies Limited
SHAH.NS,Shah Metacorp Limited
SHAHALLOYS.NS,Shah Alloys Limited
SHAILY.NS,Shaily Engineering Plastics Limited
SHAKTIPUMP.NS,Shakti Pumps (India) Limited
SHALBY.NS,Shalby Limited
SHALPAINTS.NS,Shalimar Paints Limited
SHANKARA.NS,Shankara Building Products Limited
SHANTI.NS,Shanti Overseas (India) Limited
SHANTIGEAR.NS,Shanthi Gears Limited
SHANTIGOLD.NS,Shanti Gold International Limited
SHARDACROP.NS,Sharda Cropchem Limited
SHARDAMOTR.NS,Sharda Motor Industries Limited
SHAREINDIA.NS,Share India Securities Limited
SHEKHAWATI.NS,Shekhawati Industries Limited
SHEMAROO.NS,Shemaroo Entertainment Limited
SHILCTECH.NS,Shilchar Technologies Limited
SHILPAMED.NS,Shilpa Medicare Limited
SHIVALIK.NS,Shivalik Rasayan Limited
SHIVAMAUTO.NS,Shivam Autotech Limited
SHIVAMILLS.NS,Shiva Mills Limited
SHIVATEX.NS,Shiva Texyarn Limited
SHIVAUM.NS,Shiv Aum Steels Limited
SHK.NS,S H Kelkar And Company Limited
SHOPERSTOP.NS,Shoppers Stop Limited
SHRADHA.NS,Shradha Infraprojects Limited
SHREDIGCEM.NS,Shree Digvijay Cement Co.Ltd
SHREECEM.NS,Shree Cement Limited
SHREEJISPG.NS,Shreeji Shipping Global Limited
SHREEPUSHK.NS,Shree Pushkar Chemicals & Fertilisers Limited
SHREERAMA.NS,Shree Rama Multi-Tech Limited
SHRENIK.NS,Shrenik Limited
SHREYANIND.NS,Shreyans Industries Limited
SHRINGARMS.NS,Shringar House Of Mangalsutra Limited
SHRIPISTON.NS,Shriram Pistons & Rings Limited
SHRIRAMFIN.NS,Shriram Finance Limited
SHRIRAMPPS.NS,Shriram Properties Limited
SHYAMCENT.NS,Shyam Century Ferrous Limited
SHYAMMETL.NS,Shyam Metalics And Energy Limited
SHYAMTEL.NS,Shyam Telecom Limited
SICALLOG.NS,Sical Logistics Limited
SIEMENS.NS,Siemens Limited
SIGACHI.NS,Sigachi Industries Limited
SIGIND.NS,Signet Industries Limited
SIGMA.NS,Sigma Solve Limited
SIGMAADV.NS,Sigma Advanced Systems Limited
SIGNATURE.NS,Signatureglobal (India) Limited
SIGNPOST.NS,Signpost India Limited
SIKKO.NS,Sikko Industries Limited
SIL.NS,Standard Industries Limited
SILGO.NS,Silgo Retail Limited
SILGO-RE1.NS,Silgo Retail Ltd-Re
SILINV.NS,Sil Investments Limited
SILLYMONKS.NS,Silly Monks Entertainment Limited
SILVERTUC.NS,Silver Touch Technologies Limited
SIMBHALS.NS,Simbhaoli Sugars Limited
SIMPLEXINF.NS,Simplex Infrastructures Limited
SINCLAIR.NS,Sinclairs Hotels Limited
SINDHUTRAD.NS,Sindhu Trade Links Limited
SINTERCOM.NS,Sintercom India Limited
SIRCA.NS,Sirca Paints India Limited
SIS.NS,Sis Limited
SITINET.NS,Siti Networks Limited
SIYSIL.NS,Siyaram Silk Mills Limited
SJS.NS,S.J.S. Enterprises Limited
SJVN.NS,Sjvn Limited
SKFINDIA.NS,Skf India Limited
SKFINDUS.NS,Skf India (Industrial) Limited
SKIL.NS,Skil Infrastructure Limited
SKIPPER.NS,Skipper Limited
SKMEGGPROD.NS,Skm Egg Products Export (India) Limited
SKYGOLD.NS,Sky Gold And Diamonds Limited
SMARTLINK.NS,Smartlink Holdings Limited
SMARTWORKS.NS,Smartworks Coworking Spaces Limited
SMCGLOBAL.NS,Smc Global Securities Limited
SMLMAH.NS,Sml Mahindra Limited
SMLT.NS,Sarthak Metals Limited
SMSPHARMA.NS,Sms Pharmaceuticals Limited
SNOWMAN.NS,Snowman Logistics Limited
SOBHA.NS,Sobha Limited
SOFTTECH.NS,Softtech Engineers Limited
SOLARA.NS,Solara Active Pharma Sciences Limited
SOLARINDS.NS,Solar Industries India Limited
SOLARWORLD.NS,Solarworld Energy Solutions Limited
SOLEX.NS,Solex Energy Limited
SOMANYCERA.NS,Somany Ceramics Limited
SOMATEX.NS,Soma Textiles & Industries Limited
SOMICONVEY.NS,Somi Conveyor Beltings Limited
SONACOMS.NS,Sona Blw Precision Forgings Limited
SONAMLTD.NS,Sonam Limited
SONATSOFTW.NS,Sonata Software Limited
SOTL.NS,Savita Oil Technologies Limited
SOUTHBANK.NS,The South Indian Bank Limited
SOUTHWEST.NS,South West Pinnacle Exploration Limited
SPAL.NS,S. P. Apparels Limited
SPANDANA.NS,Spandana Sphoorty Financial Limited
SPARC.NS,Sun Pharma Advanced Research Company Limited
SPCENET.NS,Spacenet Enterprises India Limited
SPECIALITY.NS,Speciality Restaurants Limited
SPECTRUM.NS,Spectrum Electrical Industries Limited
SPENCERS.NS,Spencer'S Retail Limited
SPIC.NS,Southern Petrochemicals Industries Corporation  Limited
SPLIL.NS,Spl Industries Limited
SPLPETRO.NS,Supreme Petrochem Limited
SPMLINFRA.NS,Spml Infra Limited
SPORTKING.NS,Sportking India Limited
SRD.NS,Shankar Lal Rampal Dye-Chem Limited
SREEL.NS,Sreeleathers Limited
SRF.NS,Srf Limited
SRGHFL.NS,Srg Housing Finance Limited
SRHHYPOLTD.NS,Sree Rayalaseema Hi-Strength Hypo Limited
SRM.NS,Srm Contractors Limited
SSDL.NS,Saraswati Saree Depot Limited
SSWL.NS,Steel Strips Wheels Limited
STALLION.NS,Stallion India Fluorochemicals Limited
STANLEY.NS,Stanley Lifestyles Limited
STAR.NS,Strides Pharma Science Limited
STARCEMENT.NS,Star Cement Limited
STARHEALTH.NS,Star Health And Allied Insurance Company Limited
STARPAPER.NS,Star Paper Mills Limited
STARTECK.NS,Starteck Finance Limited
STCINDIA.NS,The State Trading Corporation Of India Limited
STEELCAS.NS,Steelcast Limited
STEELCITY.NS,Steel City Securities Limited
STEELXIND.NS,Steel Exchange India Limited
STEL.NS,Stel Holdings Limited
STERTOOLS.NS,Sterling Tools Limited
STLNETWORK.NS,Stl Networks Limited
STLTECH.NS,Sterlite Technologies Limited
STOVEKRAFT.NS,Stove Kraft Limited
STUDDS.NS,Studds Accessories Limited
STYL.NS,Seshaasai Technologies Limited
STYLAMIND.NS,Stylam Industries Limited
STYLEBAAZA.NS,Baazar Style Retail Limited
STYRENIX.NS,Styrenix Performance Materials Limited
SUBEXLTD.NS,Subex Limited
SUBROS.NS,Subros Limited
SUDARCOLOR.NS,Sudarshan Colorants India Limited
SUDARSCHEM.NS,Sudarshan Chemical Industries Limited
SUDEEPPHRM.NS,Sudeep Pharma Limited
SUKHJITS.NS,Sukhjit Starch & Chemicals Limited
SULA.NS,Sula Vineyards Limited
SUMEETINDS.NS,Sumeet Industries Limited
SUMICHEM.NS,Sumitomo Chemical India Limited
SUMIT.NS,Sumit Woods Limited
SUMMITSEC.NS,Summit Securities Limited
SUNCLAY.NS,Sundaram Clayton Limited
SUNDARAM.NS,Sundaram Multi Pap Limited
SUNDARMFIN.NS,Sundaram Finance Limited
SUNDRMBRAK.NS,Sundaram Brake Linings Limited
SUNDRMFAST.NS,Sundram Fasteners Limited
SUNDROP.NS,Sundrop Brands Limited
SUNFLAG.NS,Sunflag Iron And Steel Company Limited
SUNPHARMA.NS,Sun Pharmaceutical Industries Limited
SUNTECK.NS,Sunteck Realty Limited
SUNTV.NS,Sun Tv Network Limited
SUPERHOUSE.NS,Superhouse Limited
SUPERSPIN.NS,Super Spinning Mills Limited
SUPRAJIT.NS,Suprajit Engineering Limited
SUPREME.NS,Supreme Holdings & Hospitality (India) Limited
SUPREMEENG.NS,Supreme Engineering Limited
SUPREMEIND.NS,Supreme Industries Limited
SUPREMEINF.NS,Supreme Infrastructure India Limited
SUPRIYA.NS,Supriya Lifescience Limited
SURAJEST.NS,Suraj Estate Developers Limited
SURAJLTD.NS,Suraj Limited
SURAKSHA.NS,Suraksha Diagnostic Limited
SURANASOL.NS,Surana Solar Limited
SURANAT&P.NS,Surana Telecom And Power Limited
SURYALAXMI.NS,Suryalakshmi Cotton Mills Limited
SURYAROSNI.NS,Surya Roshni Limited
SURYODAY.NS,Suryoday Small Finance Bank Limited
SUTLEJTEX.NS,Sutlej Textiles And Industries Limited
SUVEN.NS,Suven Life Sciences Limited
SUVIDHAA.NS,Suvidhaa Infoserve Limited
SUYOG.NS,Suyog Telematics Limited
SUZLON.NS,Suzlon Energy Limited
SVLL.NS,Shree Vasu Logistics Limited
SVPGLOB.NS,Svp Global Textiles Limited
SWANCORP.NS,Swan Corp Limited
SWANDEF.NS,Swan Defence And Heavy Industries Limited
SWARAJENG.NS,Swaraj Engines Limited
SWELECTES.NS,Swelect Energy Systems Limited
SWIGGY.NS,Swiggy Limited
SWSOLAR.NS,Sterling And Wilson Renewable Energy Limited
SYMPHONY.NS,Symphony Limited
SYNCOMF.NS,Syncom Formulations (India) Limited
SYNGENE.NS,Syngene International Limited
SYRMA.NS,Syrma Sgs Technology Limited
SYSTMTXC.NS,Systematix Corporate Services Limited
TAINWALCHM.NS,Tainwala Chemical And Plastic (I) Limited
TAJGVK.NS,Taj Gvk Hotels & Resorts Limited
TAKE.NS,Take Solutions Limited
TALBROAUTO.NS,Talbros Automotive Components Limited
TANLA.NS,Tanla Platforms Limited
TARACHAND.NS,Tara Chand Infralogistic Solutions Limited
TARAPUR.NS,Tarapur Transformers Limited
TARC.NS,Tarc Limited
TARIL.NS,Transformers And Rectifiers (India) Limited
TARMAT.NS,Tarmat Limited
TARSONS.NS,Tarsons Products Limited
TASTYBITE.NS,Tasty Bite Eatables Limited
TATACAP.NS,Tata Capital Limited
TATACHEM.NS,Tata Chemicals Limited
TATACOMM.NS,Tata Communications Limited
TATACONSUM.NS,Tata Consumer Products Limited
TATAELXSI.NS,Tata Elxsi Limited
TATAINVEST.NS,Tata Investment Corporation Limited
TATAPOWER.NS,Tata Power Company Limited
TATASTEEL.NS,Tata Steel Limited
TATATECH.NS,Tata Technologies Limited
TATVA.NS,Tatva Chintan Pharma Chem Limited
TBOTEK.NS,Tbo Tek Limited
TBZ.NS,Tribhovandas Bhimji Zaveri Limited
TCI.NS,Transport Corporation Of India Limited
TCIEXP.NS,Tci Express Limited
TCIFINANCE.NS,Tci Finance Limited
TCPLPACK.NS,Tcpl Packaging Limited
TCS.NS,Tata Consultancy Services Limited
TDPOWERSYS.NS,Td Power Systems Limited
TEAMGTY.NS,Team India Guaranty Limited
TEAMLEASE.NS,Teamlease Services Limited
TECHM.NS,Tech Mahindra Limited
TECHNOE.NS,Techno Electric & Engineering Company Limited
TECILCHEM.NS,Tecil Chemicals And Hydro Power Limited
TEGA.NS,Tega Industries Limited
TEJASNET.NS,Tejas Networks Limited
TEMBO.NS,Tembo Global Industries Limited
TENNIND.NS,Tenneco Clean Air India Limited
TERASOFT.NS,Tera Software Limited
TEXINFRA.NS,Texmaco Infrastructure & Holdings Limited
TEXMOPIPES.NS,Texmo Pipes And Products Limited
TEXRAIL.NS,Texmaco Rail & Engineering Limited
TFCILTD.NS,Tourism Finance Corporation Of India Limited
TFL.NS,Transwarranty Finance Limited
TGBHOTELS.NS,Tgb Banquets And Hotels Limited
THANGAMAYL.NS,Thangamayil Jewellery Limited
THEINVEST.NS,The Investment Trust Of India Limited
THEJO.NS,Thejo Engineering Limited
THELEELA.NS,Leela Palaces Hotels & Resorts Limited
THEMISMED.NS,Themis Medicare Limited
THERMAX.NS,Thermax Limited
THOMASCOOK.NS,Thomas Cook  (India)  Limited
THOMASCOTT.NS,Thomas Scott (India) Limited
THYROCARE.NS,Thyrocare Technologies Limited
TI.NS,Tilaknagar Industries Limited
TICL.NS,Twamev Construction And Infrastructure Limited
TIGERLOGS.NS,Tiger Logistics (India) Limited
TIIL.NS,Technocraft Industries (India) Limited
TIINDIA.NS,Tube Investments Of India Limited
TIJARIA.NS,Tijaria Polypipes Limited
TIL.NS,Til Limited
TIMETECHNO.NS,Time Technoplast Limited
TIMKEN.NS,Timken India Limited
TINNARUBR.NS,Tinna Rubber And Infrastructure Limited
TIPSFILMS.NS,Tips Films Limited
TIPSMUSIC.NS,Tips Music Limited
TIRUMALCHM.NS,Thirumalai Chemicals Limited
TIRUPATIFL.NS,Tirupati Forge Limited
TITAGARH.NS,Titagarh Rail Systems Limited
TITAN.NS,Titan Company Limited
TMB.NS,Tamilnad Mercantile Bank Limited
TMCV.NS,Tata Motors Limited
TMPV.NS,Tata Motors Passenger Vehicles Limited
TNPETRO.NS,Tamilnadu Petroproducts Limited
TNPL.NS,Tamil Nadu Newsprint & Papers Limited
TNTELE.NS,Tamilnadu Telecommunication Limited
TOKYOPLAST.NS,Tokyo Plast International Limited
TOLINS.NS,Tolins Tyres Limited
TORNTPHARM.NS,Torrent Pharmaceuticals Limited
TORNTPOWER.NS,Torrent Power Limited
TOTAL.NS,Total Transport Systems Limited
TOUCHWOOD.NS,Touchwood Entertainment Limited
TPHQ.NS,Teamo Productions Hq Limited
TPLPLASTEH.NS,Tpl Plastech Limited
TRACXN.NS,Tracxn Technologies Limited
TRANSRAILL.NS,Transrail Lighting Limited
TRANSWORLD.NS,Transworld Shipping Lines Limited
TRAVELFOOD.NS,Travel Food Services Limited
TREEHOUSE.NS,Tree House Education & Accessories Limited
TREJHARA.NS,Trejhara Solutions Limited
TREL.NS,Transindia Real Estate Limited
TRENT.NS,Trent Limited
TRF.NS,Trf Limited
TRIDENT.NS,Trident Limited
TRIGYN.NS,Trigyn Technologies Limited
TRITURBINE.NS,Triveni Turbine Limited
TRIVENI.NS,Triveni Engineering & Industries Limited
TRU.NS,Trucap Finance Limited
TRUALT.NS,Trualt Bioenergy Limited
TSFINV.NS,Tsf Investments Limited
TTKHLTCARE.NS,Ttk Healthcare Limited
TTKPRESTIG.NS,Ttk Prestige Limited
TTL.NS,T T Limited
TTML.NS,Tata Teleservices (Maharashtra) Limited
TVSELECT.NS,Tvs Electronics Limited
TVSHLTD.NS,Tvs Holdings Limited
TVSMOTOR.NS,Tvs Motor Company Limited
TVSSCS.NS,Tvs Supply Chain Solutions Limited
TVSSRICHAK.NS,Tvs Srichakra Limited
TVTODAY.NS,Tv Today Network Limited
TVVISION.NS,Tv Vision Limited
UBL.NS,United Breweries Limited
UCAL.NS,Ucal Limited
UCOBANK.NS,Uco Bank
UDS.NS,Updater Services Limited
UEL.NS,Ujaas Energy Limited
UFBL.NS,United Foodbrands Limited
UFLEX.NS,Uflex Limited
UFO.NS,Ufo Moviez India Limited
UGARSUGAR.NS,The Ugar Sugar Works Limited
UGROCAP.NS,Ugro Capital Limited
UJJIVANSFB.NS,Ujjivan Small Finance Bank Limited
ULTRACEMCO.NS,Ultratech Cement Limited
UMAEXPORTS.NS,Uma Exports Limited
UMESLTD.NS,Usha Martin Education & Solutions Limited
UMIYA-MRO.NS,Umiya Buildcon Limited
UNICHEMLAB.NS,Unichem Laboratories Limited
UNIDT.NS,United Drilling Tools Limited
UNIECOM.NS,Unicommerce Esolutions Limited
UNIENTER.NS,Uniphos Enterprises Limited
UNIINFO.NS,Uniinfo Telecom Services Limited
UNIMECH.NS,Unimech Aerospace And Manufacturing Limited
UNIONBANK.NS,Union Bank Of India
UNIPARTS.NS,Uniparts India Limited
UNITDSPR.NS,United Spirits Limited
UNITECH.NS,Unitech Limited
UNITEDPOLY.NS,United Polyfab Gujarat Limited
UNITEDTEA.NS,The United Nilgiri Tea Estates Company Limited
UNIVAFOODS.NS,Univa Foods Limited
UNIVASTU.NS,Univastu India Limited
UNIVCABLES.NS,Universal Cables Limited
UNIVPHOTO.NS,Universus Photo Imagings Limited
UNOMINDA.NS,Uno Minda Limited
UPL.NS,Upl Limited
URAVIDEF.NS,Uravi Defence And Technology Limited
URBANCO.NS,Urban Company Limited
URJA.NS,Urja Global Limited
USHAMART.NS,Usha Martin Limited
USK.NS,Udayshivakumar Infra Limited
UTIAMC.NS,Uti Asset Management Company Limited
UTKARSHBNK.NS,Utkarsh Small Finance Bank Limited
UTLSOLAR.NS,Fujiyama Power Systems Limited
UTTAMSUGAR.NS,Uttam Sugar Mills Limited
UYFINCORP.NS,U. Y. Fincorp Limited
V2RETAIL.NS,V2 Retail Limited
VADILALIND.NS,Vadilal Industries Limited
VAIBHAVGBL.NS,Vaibhav Global Limited
VAISHALI.NS,Vaishali Pharma Limited
VAKRANGEE.NS,Vakrangee Limited
VALIANTLAB.NS,Valiant Laboratories Limited
VALIANTORG.NS,Valiant Organics Limited
VARDHACRLC.NS,Vardhman Acrylics Limited
VARDMNPOLY.NS,Vardhman Polytex Limited
VARROC.NS,Varroc Engineering Limited
VASCONEQ.NS,Vascon Engineers Limited
VASWANI.NS,Vaswani Industries Limited
VBL.NS,Varun Beverages Limited
VCL.NS,Vaxtex Cotfab Limited
VEDL.NS,Vedanta Limited
VEEDOL.NS,Veedol Corporation Limited
VENKEYS.NS,Venky'S (India) Limited
VENTIVE.NS,Ventive Hospitality Limited
VENUSPIPES.NS,Venus Pipes & Tubes Limited
VENUSREM.NS,Venus Remedies Limited
VERANDA.NS,Veranda Learning Solutions Limited
VERTOZ.NS,Vertoz Limited
VESUVIUS.NS,Vesuvius India Limited
VETO.NS,Veto Switchgears And Cables Limited
VGL.NS,Varvee Global Limited
VGUARD.NS,V-Guard Industries Limited
VHL.NS,Vardhman Holdings Limited
VHLTD.NS,Viceroy Hotels Limited
VIDHIING.NS,Vidhi Specialty Food Ingredients Limited
VIDYAWIRES.NS,Vidya Wires Limited
VIJAYA.NS,Vijaya Diagnostic Centre Limited
VIJIFIN.NS,Viji Finance Limited
VIKASECO.NS,Vikas Ecotech Limited
VIKASLIFE.NS,Vikas Lifecare Limited
VIKRAMSOLR.NS,Vikram Solar Limited
VIKRAN.NS,Vikran Engineering Limited
VIMTALABS.NS,Vimta Labs Limited
VINATIORGA.NS,Vinati Organics Limited
VINCOFE.NS,Vintage Coffee And Beverages Limited
VINDHYATEL.NS,Vindhya Telelinks Limited
VINEETLAB.NS,Vineet Laboratories Limited
VINNY.NS,Vinny Overseas Limited
VINYLINDIA.NS,Vinyl Chemicals (India) Limited
VIPCLOTHNG.NS,Vip Clothing Limited
VIPIND.NS,Vip Industries Limited
VIPULLTD.NS,Vipul Limited
VIRINCHI.NS,Virinchi Limited
VISAKAIND.NS,Visaka Industries Limited
VISASTEEL.NS,Visa Steel Limited
VISHNU.NS,Vishnu Chemicals Limited
VISHWARAJ.NS,Vishwaraj Sugar Industries Limited
VIVIDHA.NS,Visagar Polytex Limited
VIVIMEDLAB.NS,Vivimed Labs Limited
VIYASH.NS,Viyash Scientific Limited
VLEGOV.NS,Vl E-Governance & It Solutions Limited
VLSFINANCE.NS,Vls Finance Limited
VMART.NS,V-Mart Retail Limited
VMM.NS,Vishal Mega Mart Limited
VMSTMT.NS,Vms Tmt Limited
VOLTAMP.NS,Voltamp Transformers Limited
VOLTAS.NS,Voltas Limited
VPRPL.NS,Vishnu Prakash R Punglia Limited
VRAJ.NS,Vraj Iron And Steel Limited
VRLLOG.NS,Vrl Logistics Limited
VSSL.NS,Vardhman Special Steels Limited
VSTIND.NS,Vst Industries Limited
VSTL.NS,Vibhor Steel Tubes Limited
VSTTILLERS.NS,V.S.T Tillers Tractors Limited
VTL.NS,Vardhman Textiles Limited
WAAREEENER.NS,Waaree Energies Limited
WAAREEINDO.NS,Indosolar Limited
WAAREERTL.NS,Waaree Renewable Technologies Limited
WABAG.NS,Va Tech Wabag Limited
WAKEFIT.NS,Wakefit Innovations Limited
WALCHANNAG.NS,Walchandnagar Industries Limited
WANBURY.NS,Wanbury Limited
WCIL.NS,Western Carriers (India) Limited
WEALTH.NS,Wealth First Portfolio Managers Limited
WEBELSOLAR.NS,Websol Energy System Limited
WEIZMANIND.NS,Weizmann Limited
WEL.NS,Wonder Electricals Limited
WELCORP.NS,Welspun Corp Limited
WELENT.NS,Welspun Enterprises Limited
WELINV.NS,Welspun Investments And Commercials Limited
WELSPUNLIV.NS,Welspun Living Limited
WENDT.NS,Wendt (India) Limited
WESTLIFE.NS,Westlife Foodworld Limited
WEWIN.NS,We Win Limited
WEWORK.NS,Wework India Management Limited
WHEELS.NS,Wheels India Limited
WHIRLPOOL.NS,Whirlpool Of India Limited
WILLAMAGOR.NS,Williamson Magor & Company Limited
WINDLAS.NS,Windlas Biotech Limited
WINDMACHIN.NS,Windsor Machines Limited
WINSOME.NS,Winsome Yarns Limited
WIPL.NS,The Western India Plywoods Limited
WIPRO.NS,Wipro Limited
WOCKPHARMA.NS,Wockhardt Limited
WONDERLA.NS,Wonderla Holidays Limited
WORTHPERI.NS,Worth Peripherals Limited
WSI.NS,W S Industries (I) Limited
WSTCSTPAPR.NS,West Coast Paper Mills Limited
XCHANGING.NS,Xchanging Solutions Limited
XELPMOC.NS,Xelpmoc Design And Tech Limited
XPROINDIA.NS,Xpro India Limited
XTGLOBAL.NS,Xtglobal Infotech Limited
YASHO.NS,Yasho Industries Limited
YATHARTH.NS,Yatharth Hospital & Trauma Care Services Limited
YATRA.NS,Yatra Online Limited
YESBANK.NS,Yes Bank Limited
YUKEN.NS,Yuken India Limited
ZAGGLE.NS,Zaggle Prepaid Ocean Services Limited
ZEEL.NS,Zee Entertainment Enterprises Limited
ZEELEARN.NS,Zee Learn Limited
ZEEMEDIA.NS,Zee Media Corporation Limited
ZENITHEXPO.NS,Zenith Exports Limited
ZENITHSTL.NS,Zenith Steel Pipes & Industries Limited
ZENSARTECH.NS,Zensar Technologies Limited
ZENTEC.NS,Zen Technologies Limited
ZFCVINDIA.NS,Zf Commercial Vehicle Control Systems India Limited
ZIMLAB.NS,Zim Laboratories Limited
ZODIAC.NS,Zodiac Energy Limited
ZODIACLOTH.NS,Zodiac Clothing Company Limited
ZOTA.NS,Zota Health Care Limited
ZUARI.NS,Zuari Agro Chemicals Limited
ZUARIIND.NS,Zuari Industries Limited
ZYDUSLIFE.NS,Zydus Lifesciences Limited
ZYDUSWELL.NS,Zydus Wellness Limited
